-- phpMyAdmin SQL Dump
-- version 5.0.2
-- https://www.phpmyadmin.net/
--
-- Host: 127.0.0.1:3306
-- Generation Time: Aug 16, 2023 at 11:45 AM
-- Server version: 5.7.31
-- PHP Version: 7.3.21

SET SQL_MODE = "NO_AUTO_VALUE_ON_ZERO";
START TRANSACTION;
SET time_zone = "+00:00";


/*!40101 SET @OLD_CHARACTER_SET_CLIENT=@@CHARACTER_SET_CLIENT */;
/*!40101 SET @OLD_CHARACTER_SET_RESULTS=@@CHARACTER_SET_RESULTS */;
/*!40101 SET @OLD_COLLATION_CONNECTION=@@COLLATION_CONNECTION */;
/*!40101 SET NAMES utf8mb4 */;

--
-- Database: `junit`
--

-- --------------------------------------------------------

--
-- Table structure for table `attribute_calls`
--

DROP TABLE IF EXISTS `attribute_calls`;
CREATE TABLE IF NOT EXISTS `attribute_calls` (
  `attr_call_id` int(11) NOT NULL AUTO_INCREMENT,
  `class_id` int(11) DEFAULT NULL,
  `method_id` int(11) NOT NULL,
  `attr_class_id` int(11) NOT NULL,
  `attr_name` varchar(1000) CHARACTER SET utf8 DEFAULT NULL,
  `attr_id` int(11) DEFAULT NULL,
  `num_of_attr_calls` int(11) NOT NULL,
  `caller_name` varchar(200) DEFAULT NULL,
  `relation_type` varchar(200) CHARACTER SET utf8 DEFAULT NULL,
  PRIMARY KEY (`attr_call_id`)
) ENGINE=MyISAM DEFAULT CHARSET=latin1;

-- --------------------------------------------------------

--
-- Table structure for table `block_list`
--

DROP TABLE IF EXISTS `block_list`;
CREATE TABLE IF NOT EXISTS `block_list` (
  `block_id` int(11) NOT NULL AUTO_INCREMENT,
  `class_id` int(11) NOT NULL,
  `method_id` int(11) NOT NULL,
  `block_type` varchar(50) CHARACTER SET utf8 DEFAULT NULL,
  PRIMARY KEY (`block_id`)
) ENGINE=MyISAM AUTO_INCREMENT=310 DEFAULT CHARSET=latin1;

--
-- Dumping data for table `block_list`
--

INSERT INTO `block_list` (`block_id`, `class_id`, `method_id`, `block_type`) VALUES
(1, 1, 1, 'block_statement'),
(2, 1, 2, 'block_statement'),
(3, 1, 3, 'block_statement'),
(4, 1, 4, 'block_statement'),
(5, 1, 5, 'block_statement'),
(6, 1, 6, 'block_statement'),
(7, 1, 7, 'block_statement'),
(8, 1, 8, 'block_statement'),
(9, 1, 9, 'block_statement'),
(10, 1, 10, 'block_statement'),
(11, 1, 11, 'block_statement'),
(12, 1, 12, 'block_statement'),
(13, 1, 13, 'block_statement'),
(14, 1, 14, 'block_statement'),
(15, 1, 15, 'block_statement'),
(16, 1, 16, 'block_statement'),
(17, 1, 17, 'block_statement'),
(18, 1, 18, 'block_statement'),
(19, 1, 19, 'block_statement'),
(20, 1, 20, 'block_statement'),
(21, 1, 21, 'block_statement'),
(22, 1, 22, 'block_statement'),
(23, 1, 23, 'block_statement'),
(24, 1, 24, 'block_statement'),
(25, 1, 25, 'block_statement'),
(26, 1, 26, 'block_statement'),
(27, 1, 27, 'block_statement'),
(28, 1, 28, 'block_statement'),
(29, 1, 29, 'block_statement'),
(30, 1, 30, 'block_statement'),
(31, 1, 31, 'block_statement'),
(32, 1, 32, 'block_statement'),
(33, 1, 33, 'block_statement'),
(34, 1, 34, 'block_statement'),
(35, 1, 35, 'block_statement'),
(36, 1, 36, 'block_statement'),
(37, 2, 37, 'block_statement'),
(38, 2, 38, 'block_statement'),
(39, 2, 39, 'block_statement'),
(40, 2, 40, 'block_statement'),
(41, 2, 41, 'block_statement'),
(42, 2, 42, 'block_statement'),
(43, 2, 42, 'block_statement'),
(44, 2, 43, 'block_statement'),
(45, 2, 43, 'if_else_statement'),
(46, 2, 43, 'if_else_statement'),
(47, 2, 44, 'block_statement'),
(48, 2, 45, 'block_statement'),
(49, 2, 46, 'block_statement'),
(50, 2, 46, 'block_statement'),
(51, 3, 47, 'block_statement'),
(52, 3, 48, 'block_statement'),
(53, 3, 49, 'block_statement'),
(54, 3, 50, 'block_statement'),
(55, 3, 51, 'block_statement'),
(56, 3, 52, 'block_statement'),
(57, 3, 53, 'block_statement'),
(58, 3, 54, 'block_statement'),
(59, 3, 55, 'block_statement'),
(60, 3, 55, 'if_else_statement'),
(61, 3, 55, 'if_else_statement'),
(62, 4, 56, 'block_statement'),
(63, 4, 57, 'block_statement'),
(64, 4, 58, 'block_statement'),
(65, 4, 59, 'block_statement'),
(66, 4, 60, 'block_statement'),
(67, 4, 61, 'block_statement'),
(68, 4, 62, 'block_statement'),
(69, 5, 63, 'block_statement'),
(70, 5, 64, 'block_statement'),
(71, 5, 65, 'block_statement'),
(72, 5, 66, 'block_statement'),
(73, 5, 67, 'block_statement'),
(74, 5, 68, 'block_statement'),
(75, 5, 69, 'block_statement'),
(76, 5, 70, 'block_statement'),
(77, 5, 71, 'block_statement'),
(78, 5, 72, 'block_statement'),
(79, 5, 73, 'block_statement'),
(80, 5, 74, 'block_statement'),
(81, 5, 75, 'block_statement'),
(82, 5, 76, 'block_statement'),
(83, 5, 77, 'block_statement'),
(84, 5, 78, 'block_statement'),
(85, 5, 79, 'block_statement'),
(86, 5, 80, 'block_statement'),
(87, 5, 81, 'block_statement'),
(88, 5, 82, 'block_statement'),
(89, 5, 83, 'block_statement'),
(90, 5, 84, 'block_statement'),
(91, 5, 85, 'block_statement'),
(92, 5, 86, 'block_statement'),
(93, 5, 87, 'block_statement'),
(94, 5, 88, 'block_statement'),
(95, 5, 89, 'block_statement'),
(96, 6, 90, 'block_statement'),
(97, 6, 91, 'block_statement'),
(98, 6, 92, 'block_statement'),
(99, 6, 93, 'block_statement'),
(100, 6, 94, 'block_statement'),
(101, 6, 95, 'block_statement'),
(102, 6, 96, 'block_statement'),
(103, 6, 97, 'block_statement'),
(104, 6, 98, 'block_statement'),
(105, 6, 99, 'block_statement'),
(106, 6, 100, 'block_statement'),
(107, 6, 101, 'block_statement'),
(108, 6, 102, 'block_statement'),
(109, 6, 103, 'block_statement'),
(110, 6, 104, 'block_statement'),
(111, 6, 105, 'block_statement'),
(112, 6, 105, 'if_else_statement'),
(113, 6, 105, 'if_else_statement'),
(114, 7, 106, 'block_statement'),
(115, 7, 107, 'block_statement'),
(116, 7, 108, 'block_statement'),
(117, 7, 109, 'block_statement'),
(118, 7, 110, 'block_statement'),
(119, 7, 111, 'block_statement'),
(120, 7, 112, 'block_statement'),
(121, 7, 113, 'block_statement'),
(122, 7, 114, 'block_statement'),
(123, 7, 115, 'block_statement'),
(124, 7, 116, 'block_statement'),
(125, 7, 117, 'block_statement'),
(126, 7, 118, 'block_statement'),
(127, 7, 119, 'block_statement'),
(128, 7, 120, 'block_statement'),
(129, 7, 121, 'block_statement'),
(130, 7, 122, 'block_statement'),
(131, 7, 123, 'block_statement'),
(132, 7, 124, 'block_statement'),
(133, 7, 125, 'block_statement'),
(134, 7, 126, 'block_statement'),
(135, 7, 127, 'block_statement'),
(136, 7, 128, 'block_statement'),
(137, 7, 129, 'block_statement'),
(138, 7, 130, 'block_statement'),
(139, 7, 131, 'block_statement'),
(140, 7, 132, 'block_statement'),
(141, 7, 133, 'block_statement'),
(142, 7, 134, 'block_statement'),
(143, 7, 135, 'block_statement'),
(144, 7, 136, 'block_statement'),
(145, 7, 137, 'block_statement'),
(146, 7, 138, 'block_statement'),
(147, 7, 139, 'block_statement'),
(148, 7, 140, 'block_statement'),
(149, 7, 141, 'block_statement'),
(150, 7, 142, 'block_statement'),
(151, 7, 143, 'block_statement'),
(152, 7, 144, 'block_statement'),
(153, 7, 145, 'block_statement'),
(154, 7, 146, 'block_statement'),
(155, 7, 147, 'block_statement'),
(156, 7, 148, 'block_statement'),
(157, 7, 149, 'block_statement'),
(158, 7, 150, 'block_statement'),
(159, 7, 151, 'block_statement'),
(160, 7, 152, 'block_statement'),
(161, 7, 153, 'block_statement'),
(162, 7, 154, 'block_statement'),
(163, 7, 155, 'block_statement'),
(164, 7, 156, 'block_statement'),
(165, 7, 157, 'block_statement'),
(166, 7, 158, 'block_statement'),
(167, 7, 159, 'block_statement'),
(168, 7, 160, 'block_statement'),
(169, 7, 160, 'block_statement'),
(170, 7, 161, 'block_statement'),
(171, 7, 162, 'block_statement'),
(172, 8, 163, 'block_statement'),
(173, 8, 164, 'block_statement'),
(174, 8, 165, 'block_statement'),
(175, 8, 166, 'block_statement'),
(176, 8, 167, 'block_statement'),
(177, 8, 168, 'block_statement'),
(178, 8, 169, 'block_statement'),
(179, 8, 170, 'block_statement'),
(180, 8, 171, 'block_statement'),
(181, 9, 172, 'block_statement'),
(182, 9, 173, 'block_statement'),
(183, 9, 174, 'block_statement'),
(184, 9, 175, 'block_statement'),
(185, 9, 176, 'block_statement'),
(186, 9, 177, 'block_statement'),
(187, 17, 203, 'block_statement'),
(188, 17, 204, 'block_statement'),
(189, 17, 205, 'block_statement'),
(190, 17, 206, 'block_statement'),
(191, 17, 206, 'block_statement'),
(192, 18, 207, 'block_statement'),
(193, 18, 208, 'block_statement'),
(194, 18, 209, 'block_statement'),
(195, 18, 210, 'block_statement'),
(196, 18, 211, 'block_statement'),
(197, 18, 211, 'block_statement'),
(198, 18, 212, 'block_statement'),
(199, 18, 213, 'block_statement'),
(200, 18, 214, 'block_statement'),
(201, 19, 215, 'block_statement'),
(202, 19, 215, 'block_statement'),
(203, 19, 215, 'block_statement'),
(204, 19, 216, 'block_statement'),
(205, 19, 216, 'block_statement'),
(206, 19, 217, 'block_statement'),
(207, 19, 218, 'block_statement'),
(208, 19, 218, 'block_statement'),
(209, 20, 219, 'block_statement'),
(210, 20, 220, 'block_statement'),
(211, 20, 221, 'block_statement'),
(212, 21, 0, 'block_statement'),
(213, 21, 222, 'block_statement'),
(214, 21, 223, 'block_statement'),
(215, 21, 224, 'block_statement'),
(216, 21, 225, 'block_statement'),
(217, 21, 226, 'block_statement'),
(218, 21, 227, 'block_statement'),
(219, 21, 228, 'block_statement'),
(220, 21, 229, 'block_statement'),
(221, 21, 230, 'block_statement'),
(222, 21, 231, 'block_statement'),
(223, 21, 232, 'block_statement'),
(224, 21, 233, 'block_statement'),
(225, 21, 234, 'block_statement'),
(226, 21, 235, 'block_statement'),
(227, 21, 236, 'block_statement'),
(228, 21, 236, 'if_else_statement'),
(229, 21, 236, 'if_else_statement'),
(230, 21, 237, 'block_statement'),
(231, 21, 238, 'block_statement'),
(232, 21, 239, 'block_statement'),
(233, 22, 240, 'block_statement'),
(234, 22, 241, 'block_statement'),
(235, 22, 242, 'block_statement'),
(236, 22, 243, 'block_statement'),
(237, 22, 243, 'if_else_statement'),
(238, 22, 243, 'if_else_statement'),
(239, 22, 244, 'block_statement'),
(240, 22, 244, 'if_else_statement'),
(241, 22, 244, 'if_else_statement'),
(242, 22, 245, 'block_statement'),
(243, 22, 245, 'block_statement'),
(244, 22, 245, 'block_statement'),
(245, 22, 245, 'block_statement'),
(246, 22, 245, 'block_statement'),
(247, 22, 246, 'block_statement'),
(248, 22, 247, 'block_statement'),
(249, 22, 248, 'block_statement'),
(250, 23, 249, 'block_statement'),
(251, 23, 250, 'block_statement'),
(252, 23, 251, 'block_statement'),
(253, 23, 252, 'block_statement'),
(254, 23, 253, 'block_statement'),
(255, 23, 254, 'block_statement'),
(256, 23, 255, 'block_statement'),
(257, 23, 256, 'block_statement'),
(258, 23, 257, 'block_statement'),
(259, 23, 258, 'block_statement'),
(260, 23, 259, 'block_statement'),
(261, 23, 260, 'block_statement'),
(262, 23, 261, 'block_statement'),
(263, 23, 262, 'block_statement'),
(264, 23, 263, 'block_statement'),
(265, 23, 264, 'block_statement'),
(266, 23, 265, 'block_statement'),
(267, 23, 266, 'block_statement'),
(268, 23, 267, 'block_statement'),
(269, 23, 268, 'block_statement'),
(270, 23, 269, 'block_statement'),
(271, 23, 270, 'block_statement'),
(272, 23, 270, 'block_statement'),
(273, 23, 271, 'block_statement'),
(274, 23, 271, 'block_statement'),
(275, 23, 272, 'block_statement'),
(276, 23, 273, 'block_statement'),
(277, 23, 273, 'if_else_statement'),
(278, 23, 273, 'if_else_statement'),
(279, 23, 274, 'block_statement'),
(280, 24, 0, 'block_statement'),
(281, 24, 275, 'block_statement'),
(282, 24, 276, 'block_statement'),
(283, 24, 277, 'block_statement'),
(284, 24, 278, 'block_statement'),
(285, 24, 279, 'block_statement'),
(286, 24, 280, 'block_statement'),
(287, 24, 281, 'block_statement'),
(288, 24, 282, 'block_statement'),
(289, 24, 283, 'block_statement'),
(290, 24, 284, 'block_statement'),
(291, 24, 285, 'block_statement'),
(292, 24, 286, 'block_statement'),
(293, 24, 286, 'if_else_statement'),
(294, 24, 286, 'if_else_statement'),
(295, 24, 286, 'if_else_statement'),
(296, 24, 287, 'block_statement'),
(297, 24, 287, 'if_else_statement'),
(298, 24, 287, 'if_else_statement'),
(299, 24, 287, 'if_else_statement'),
(300, 24, 287, 'if_else_statement'),
(301, 24, 288, 'block_statement'),
(302, 24, 288, 'if_else_statement'),
(303, 24, 288, 'if_else_statement'),
(304, 24, 289, 'block_statement'),
(305, 25, 290, 'block_statement'),
(306, 26, 291, 'block_statement'),
(307, 27, 292, 'block_statement'),
(308, 27, 293, 'block_statement'),
(309, 27, 294, 'block_statement');

-- --------------------------------------------------------

--
-- Table structure for table `call_expressions`
--

DROP TABLE IF EXISTS `call_expressions`;
CREATE TABLE IF NOT EXISTS `call_expressions` (
  `call_expression_id` int(11) NOT NULL AUTO_INCREMENT,
  `expression_class_id` int(11) NOT NULL,
  `expression_method_id` int(11) NOT NULL,
  `first_expression` varchar(100) CHARACTER SET utf8 DEFAULT NULL,
  `second_expression` varchar(100) CHARACTER SET utf8 DEFAULT NULL,
  PRIMARY KEY (`call_expression_id`)
) ENGINE=MyISAM AUTO_INCREMENT=364 DEFAULT CHARSET=latin1;

--
-- Dumping data for table `call_expressions`
--

INSERT INTO `call_expressions` (`call_expression_id`, `expression_class_id`, `expression_method_id`, `first_expression`, `second_expression`) VALUES
(1, 1, 2, 'this', 'username'),
(2, 1, 4, 'this', 'password'),
(3, 1, 6, 'this', 'email'),
(4, 1, 8, 'this', 'firstName'),
(5, 1, 10, 'this', 'lastName'),
(6, 1, 12, 'this', 'status'),
(7, 1, 14, 'this', 'address1'),
(8, 1, 16, 'this', 'address2'),
(9, 1, 18, 'this', 'city'),
(10, 1, 20, 'this', 'state'),
(11, 1, 22, 'this', 'zip'),
(12, 1, 24, 'this', 'country'),
(13, 1, 26, 'this', 'phone'),
(14, 1, 28, 'this', 'favouriteCategoryId'),
(15, 1, 30, 'this', 'languagePreference'),
(16, 1, 32, 'this', 'listOption'),
(17, 1, 34, 'this', 'bannerOption'),
(18, 1, 36, 'this', 'bannerName'),
(19, 2, 0, 'Collections', 'synchronizedMap'),
(20, 2, 37, 'itemList', 'iterator'),
(21, 2, 39, 'itemList', 'size'),
(22, 2, 40, 'itemList', 'iterator'),
(23, 2, 41, 'itemMap', 'containsKey'),
(24, 2, 42, 'itemMap', 'get'),
(25, 2, 42, 'item', 'getItemId'),
(26, 2, 42, 'cartItem', 'setItem'),
(27, 2, 42, 'cartItem', 'setQuantity'),
(28, 2, 42, 'cartItem', 'setInStock'),
(29, 2, 42, 'itemMap', 'put'),
(30, 2, 42, 'item', 'getItemId'),
(31, 2, 42, 'itemList', 'add'),
(32, 2, 42, 'cartItem', 'incrementQuantity'),
(33, 2, 43, 'itemMap', 'remove'),
(34, 2, 43, 'itemList', 'remove'),
(35, 2, 43, 'cartItem', 'getItem'),
(36, 2, 44, 'itemMap', 'get'),
(37, 2, 44, 'cartItem', 'incrementQuantity'),
(38, 2, 45, 'itemMap', 'get'),
(39, 2, 45, 'cartItem', 'setQuantity'),
(40, 2, 46, 'items', 'hasNext'),
(41, 2, 46, 'items', 'next'),
(42, 2, 46, 'cartItem', 'getItem'),
(43, 2, 46, 'item', 'getListPrice'),
(44, 2, 46, 'String', 'valueOf'),
(45, 2, 46, 'cartItem', 'getQuantity'),
(46, 2, 46, 'subTotal', 'add'),
(47, 2, 46, 'listPrice', 'multiply'),
(48, 3, 48, 'this', 'inStock'),
(49, 3, 51, 'this', 'item'),
(50, 3, 53, 'this', 'quantity'),
(51, 3, 55, 'item', 'getListPrice'),
(52, 3, 55, 'item.getListPrice()', 'multiply'),
(53, 3, 55, 'item', 'getListPrice'),
(54, 4, 57, 'this', 'categoryId'),
(55, 4, 57, 'categoryId', 'trim'),
(56, 4, 59, 'this', 'name'),
(57, 4, 61, 'this', 'description'),
(58, 5, 64, 'this', 'itemId'),
(59, 5, 64, 'itemId', 'trim'),
(60, 5, 66, 'this', 'quantity'),
(61, 5, 68, 'this', 'product'),
(62, 5, 70, 'this', 'productId'),
(63, 5, 72, 'this', 'supplierId'),
(64, 5, 74, 'this', 'listPrice'),
(65, 5, 76, 'this', 'unitCost'),
(66, 5, 78, 'this', 'status'),
(67, 5, 80, 'this', 'attribute1'),
(68, 5, 82, 'this', 'attribute2'),
(69, 5, 84, 'this', 'attribute3'),
(70, 5, 86, 'this', 'attribute4'),
(71, 5, 88, 'this', 'attribute5'),
(72, 6, 91, 'this', 'lineNumber'),
(73, 6, 91, 'this', 'quantity'),
(74, 6, 91, 'cartItem', 'getQuantity'),
(75, 6, 91, 'this', 'itemId'),
(76, 6, 91, 'cartItem.getItem()', 'getItemId'),
(77, 6, 91, 'cartItem', 'getItem'),
(78, 6, 91, 'this', 'unitPrice'),
(79, 6, 91, 'cartItem.getItem()', 'getListPrice'),
(80, 6, 91, 'cartItem', 'getItem'),
(81, 6, 91, 'this', 'item'),
(82, 6, 91, 'cartItem', 'getItem'),
(83, 6, 93, 'this', 'orderId'),
(84, 6, 95, 'this', 'lineNumber'),
(85, 6, 97, 'this', 'itemId'),
(86, 6, 99, 'this', 'unitPrice'),
(87, 6, 102, 'this', 'item'),
(88, 6, 104, 'this', 'quantity'),
(89, 6, 105, 'item', 'getListPrice'),
(90, 6, 105, 'item.getListPrice()', 'multiply'),
(91, 6, 105, 'item', 'getListPrice'),
(92, 7, 107, 'this', 'orderId'),
(93, 7, 109, 'this', 'username'),
(94, 7, 111, 'this', 'orderDate'),
(95, 7, 113, 'this', 'shipAddress1'),
(96, 7, 115, 'this', 'shipAddress2'),
(97, 7, 117, 'this', 'shipCity'),
(98, 7, 119, 'this', 'shipState'),
(99, 7, 121, 'this', 'shipZip'),
(100, 7, 123, 'this', 'shipCountry'),
(101, 7, 125, 'this', 'billAddress1'),
(102, 7, 127, 'this', 'billAddress2'),
(103, 7, 129, 'this', 'billCity'),
(104, 7, 131, 'this', 'billState'),
(105, 7, 133, 'this', 'billZip'),
(106, 7, 135, 'this', 'billCountry'),
(107, 7, 137, 'this', 'courier'),
(108, 7, 139, 'this', 'totalPrice'),
(109, 7, 141, 'this', 'billToFirstName'),
(110, 7, 143, 'this', 'billToLastName'),
(111, 7, 145, 'this', 'shipToFirstName'),
(112, 7, 147, 'this', 'shipToLastName'),
(113, 7, 149, 'this', 'creditCard'),
(114, 7, 151, 'this', 'expiryDate'),
(115, 7, 153, 'this', 'cardType'),
(116, 7, 155, 'this', 'locale'),
(117, 7, 157, 'this', 'status'),
(118, 7, 158, 'this', 'lineItems'),
(119, 7, 160, 'account', 'getUsername'),
(120, 7, 160, 'account', 'getFirstName'),
(121, 7, 160, 'account', 'getLastName'),
(122, 7, 160, 'account', 'getAddress1'),
(123, 7, 160, 'account', 'getAddress2'),
(124, 7, 160, 'account', 'getCity'),
(125, 7, 160, 'account', 'getState'),
(126, 7, 160, 'account', 'getZip'),
(127, 7, 160, 'account', 'getCountry'),
(128, 7, 160, 'account', 'getFirstName'),
(129, 7, 160, 'account', 'getLastName'),
(130, 7, 160, 'account', 'getAddress1'),
(131, 7, 160, 'account', 'getAddress2'),
(132, 7, 160, 'account', 'getCity'),
(133, 7, 160, 'account', 'getState'),
(134, 7, 160, 'account', 'getZip'),
(135, 7, 160, 'account', 'getCountry'),
(136, 7, 160, 'cart', 'getSubTotal'),
(137, 7, 160, 'cart', 'getAllCartItems'),
(138, 7, 160, 'i', 'hasNext'),
(139, 7, 160, 'i', 'next'),
(140, 7, 161, 'lineItems', 'size'),
(141, 7, 162, 'lineItems', 'add'),
(142, 8, 164, 'this', 'productId'),
(143, 8, 164, 'productId', 'trim'),
(144, 8, 166, 'this', 'categoryId'),
(145, 8, 168, 'this', 'name'),
(146, 8, 170, 'this', 'description'),
(147, 9, 173, 'this', 'name'),
(148, 9, 173, 'this', 'nextId'),
(149, 9, 175, 'this', 'name'),
(150, 9, 177, 'this', 'nextId'),
(151, 17, 203, 'accountMapper', 'getAccountByUsername'),
(152, 17, 204, 'accountMapper', 'getAccountByUsernameAndPassword'),
(153, 17, 205, 'accountMapper', 'insertAccount'),
(154, 17, 205, 'accountMapper', 'insertProfile'),
(155, 17, 205, 'accountMapper', 'insertSignon'),
(156, 17, 206, 'accountMapper', 'updateAccount'),
(157, 17, 206, 'accountMapper', 'updateProfile'),
(158, 17, 206, 'account', 'getPassword'),
(159, 17, 206, 'account.getPassword()', 'length'),
(160, 17, 206, 'account', 'getPassword'),
(161, 17, 206, 'accountMapper', 'updateSignon'),
(162, 18, 207, 'categoryMapper', 'getCategoryList'),
(163, 18, 208, 'categoryMapper', 'getCategory'),
(164, 18, 209, 'productMapper', 'getProduct'),
(165, 18, 210, 'productMapper', 'getProductListByCategory'),
(166, 18, 211, 'keywords', 'split'),
(167, 18, 211, 'products', 'addAll'),
(168, 18, 211, 'productMapper', 'searchProductList'),
(169, 18, 211, 'keyword', 'toLowerCase'),
(170, 18, 212, 'itemMapper', 'getItemListByProduct'),
(171, 18, 213, 'itemMapper', 'getItem'),
(172, 18, 214, 'itemMapper', 'getInventoryQuantity'),
(173, 19, 215, 'order', 'setOrderId'),
(174, 19, 215, 'order.getLineItems()', 'size'),
(175, 19, 215, 'order', 'getLineItems'),
(176, 19, 215, 'order.getLineItems()', 'get'),
(177, 19, 215, 'order', 'getLineItems'),
(178, 19, 215, 'lineItem', 'getItemId'),
(179, 19, 215, 'lineItem', 'getQuantity'),
(180, 19, 215, 'param', 'put'),
(181, 19, 215, 'param', 'put'),
(182, 19, 215, 'itemMapper', 'updateInventoryQuantity'),
(183, 19, 215, 'orderMapper', 'insertOrder'),
(184, 19, 215, 'orderMapper', 'insertOrderStatus'),
(185, 19, 215, 'order.getLineItems()', 'size'),
(186, 19, 215, 'order', 'getLineItems'),
(187, 19, 215, 'order.getLineItems()', 'get'),
(188, 19, 215, 'order', 'getLineItems'),
(189, 19, 215, 'lineItem', 'setOrderId'),
(190, 19, 215, 'order', 'getOrderId'),
(191, 19, 215, 'lineItemMapper', 'insertLineItem'),
(192, 19, 216, 'orderMapper', 'getOrder'),
(193, 19, 216, 'order', 'setLineItems'),
(194, 19, 216, 'lineItemMapper', 'getLineItemsByOrderId'),
(195, 19, 216, 'order.getLineItems()', 'size'),
(196, 19, 216, 'order', 'getLineItems'),
(197, 19, 216, 'order.getLineItems()', 'get'),
(198, 19, 216, 'order', 'getLineItems'),
(199, 19, 216, 'itemMapper', 'getItem'),
(200, 19, 216, 'lineItem', 'getItemId'),
(201, 19, 216, 'item', 'setQuantity'),
(202, 19, 216, 'itemMapper', 'getInventoryQuantity'),
(203, 19, 216, 'lineItem', 'getItemId'),
(204, 19, 216, 'lineItem', 'setItem'),
(205, 19, 217, 'orderMapper', 'getOrdersByUsername'),
(206, 19, 218, 'sequenceMapper', 'getSequence'),
(207, 19, 218, 'sequence', 'getNextId'),
(208, 19, 218, 'sequenceMapper', 'updateSequence'),
(209, 19, 218, 'sequence', 'getNextId'),
(210, 20, 219, 'context.getMessages()', 'add'),
(211, 20, 219, 'context', 'getMessages'),
(212, 20, 221, 'this', 'context'),
(213, 21, 0, 'langList', 'add'),
(214, 21, 0, 'langList', 'add'),
(215, 21, 0, 'Collections', 'unmodifiableList'),
(216, 21, 0, 'catList', 'add'),
(217, 21, 0, 'catList', 'add'),
(218, 21, 0, 'catList', 'add'),
(219, 21, 0, 'catList', 'add'),
(220, 21, 0, 'catList', 'add'),
(221, 21, 0, 'Collections', 'unmodifiableList'),
(222, 21, 222, 'this', 'account'),
(223, 21, 223, 'account', 'getUsername'),
(224, 21, 224, 'account', 'setUsername'),
(225, 21, 225, 'account', 'getPassword'),
(226, 21, 226, 'account', 'setPassword'),
(227, 21, 228, 'this', 'myList'),
(228, 21, 232, 'accountService', 'insertAccount'),
(229, 21, 232, 'accountService', 'getAccount'),
(230, 21, 232, 'account', 'getUsername'),
(231, 21, 232, 'catalogService', 'getProductListByCategory'),
(232, 21, 232, 'account', 'getFavouriteCategoryId'),
(233, 21, 234, 'accountService', 'updateAccount'),
(234, 21, 234, 'accountService', 'getAccount'),
(235, 21, 234, 'account', 'getUsername'),
(236, 21, 234, 'catalogService', 'getProductListByCategory'),
(237, 21, 234, 'account', 'getFavouriteCategoryId'),
(238, 21, 236, 'accountService', 'getAccount'),
(239, 21, 236, 'account', 'setPassword'),
(240, 21, 236, 'catalogService', 'getProductListByCategory'),
(241, 21, 236, 'account', 'getFavouriteCategoryId'),
(242, 21, 236, 'context.getRequest()', 'getSession'),
(243, 21, 236, 'context', 'getRequest'),
(244, 21, 236, 's', 'setAttribute'),
(245, 21, 237, 'context.getRequest().getSession()', 'invalidate'),
(246, 21, 237, 'context.getRequest()', 'getSession'),
(247, 21, 237, 'context', 'getRequest'),
(248, 21, 238, 'account', 'getUsername'),
(249, 22, 241, 'this', 'cart'),
(250, 22, 242, 'this', 'workingItemId'),
(251, 22, 243, 'cart', 'containsItemId'),
(252, 22, 243, 'cart', 'incrementQuantityByItemId'),
(253, 22, 243, 'catalogService', 'isItemInStock'),
(254, 22, 243, 'catalogService', 'getItem'),
(255, 22, 243, 'cart', 'addItem'),
(256, 22, 244, 'cart', 'removeItemById'),
(257, 22, 245, 'context', 'getRequest'),
(258, 22, 245, 'getCart()', 'getAllCartItems'),
(259, 22, 245, 'cartItems', 'hasNext'),
(260, 22, 245, 'cartItems', 'next'),
(261, 22, 245, 'cartItem.getItem()', 'getItemId'),
(262, 22, 245, 'cartItem', 'getItem'),
(263, 22, 245, 'Integer', 'parseInt'),
(264, 22, 245, 'request', 'getParameter'),
(265, 22, 245, 'getCart()', 'setQuantityByItemId'),
(266, 22, 245, 'cartItems', 'remove'),
(267, 23, 250, 'this', 'keyword'),
(268, 23, 252, 'this', 'categoryId'),
(269, 23, 254, 'this', 'productId'),
(270, 23, 256, 'this', 'itemId'),
(271, 23, 258, 'this', 'category'),
(272, 23, 260, 'this', 'product'),
(273, 23, 262, 'this', 'item'),
(274, 23, 264, 'this', 'categoryList'),
(275, 23, 266, 'this', 'productList'),
(276, 23, 268, 'this', 'itemList'),
(277, 23, 270, 'catalogService', 'getProductListByCategory'),
(278, 23, 270, 'catalogService', 'getCategory'),
(279, 23, 271, 'catalogService', 'getItemListByProduct'),
(280, 23, 271, 'catalogService', 'getProduct'),
(281, 23, 272, 'catalogService', 'getItem'),
(282, 23, 272, 'item', 'getProduct'),
(283, 23, 273, 'keyword', 'length'),
(284, 23, 273, 'catalogService', 'searchProductList'),
(285, 23, 273, 'keyword', 'toLowerCase'),
(286, 24, 0, 'cardList', 'add'),
(287, 24, 0, 'cardList', 'add'),
(288, 24, 0, 'cardList', 'add'),
(289, 24, 0, 'Collections', 'unmodifiableList'),
(290, 24, 275, 'order', 'getOrderId'),
(291, 24, 276, 'order', 'setOrderId'),
(292, 24, 278, 'this', 'order'),
(293, 24, 280, 'this', 'shippingAddressRequired'),
(294, 24, 282, 'this', 'confirmed'),
(295, 24, 285, 'context.getRequest()', 'getSession'),
(296, 24, 285, 'context', 'getRequest'),
(297, 24, 285, 'session', 'getAttribute'),
(298, 24, 285, 'orderService', 'getOrdersByUsername'),
(299, 24, 285, 'accountBean.getAccount()', 'getUsername'),
(300, 24, 285, 'accountBean', 'getAccount'),
(301, 24, 286, 'context.getRequest()', 'getSession'),
(302, 24, 286, 'context', 'getRequest'),
(303, 24, 286, 'session', 'getAttribute'),
(304, 24, 286, 'session', 'getAttribute'),
(305, 24, 286, 'accountBean', 'isAuthenticated'),
(306, 24, 286, 'order', 'initOrder'),
(307, 24, 286, 'accountBean', 'getAccount'),
(308, 24, 286, 'cartBean', 'getCart'),
(309, 24, 287, 'context.getRequest()', 'getSession'),
(310, 24, 287, 'context', 'getRequest'),
(311, 24, 287, 'orderService', 'insertOrder'),
(312, 24, 287, 'session', 'getAttribute'),
(313, 24, 287, 'cartBean', 'clear'),
(314, 24, 288, 'context.getRequest()', 'getSession'),
(315, 24, 288, 'context', 'getRequest'),
(316, 24, 288, 'session', 'getAttribute'),
(317, 24, 288, 'orderService', 'getOrder'),
(318, 24, 288, 'order', 'getOrderId'),
(319, 24, 288, 'accountBean.getAccount().getUsername()', 'equals'),
(320, 24, 288, 'accountBean.getAccount()', 'getUsername'),
(321, 24, 288, 'accountBean', 'getAccount'),
(322, 24, 288, 'order', 'getUsername'),
(323, 25, 290, 'accountService', 'insertAccount'),
(324, 25, 290, 'verify(accountMapper)', 'insertAccount'),
(325, 25, 290, 'verify(accountMapper)', 'insertProfile'),
(326, 25, 290, 'verify(accountMapper)', 'insertSignon'),
(327, 26, 291, 'l1', 'add'),
(328, 26, 291, 'l2', 'add'),
(329, 26, 291, 'when(productMapper.searchProductList(\"%a%\"))', 'thenReturn'),
(330, 26, 291, 'productMapper', 'searchProductList'),
(331, 26, 291, 'when(productMapper.searchProductList(\"%b%\"))', 'thenReturn'),
(332, 26, 291, 'productMapper', 'searchProductList'),
(333, 26, 291, 'catalogService', 'searchProductList'),
(334, 26, 291, 'r', 'size'),
(335, 26, 291, 'r', 'get'),
(336, 26, 291, 'l1', 'get'),
(337, 26, 291, 'r', 'get'),
(338, 26, 291, 'l2', 'get'),
(339, 27, 293, 'when(orderMapper.getOrder(orderId))', 'thenReturn'),
(340, 27, 293, 'orderMapper', 'getOrder'),
(341, 27, 293, 'when(lineItemMapper.getLineItemsByOrderId(orderId))', 'thenReturn'),
(342, 27, 293, 'lineItemMapper', 'getLineItemsByOrderId'),
(343, 27, 293, 'orderService', 'getOrder'),
(344, 27, 293, 'orderService.getOrder(orderId).getLineItems()', 'size'),
(345, 27, 293, 'orderService.getOrder(orderId)', 'getLineItems'),
(346, 27, 293, 'orderService', 'getOrder'),
(347, 27, 294, 'item', 'setItemId'),
(348, 27, 294, 'lineItems', 'add'),
(349, 27, 294, 'when(orderMapper.getOrder(orderId))', 'thenReturn'),
(350, 27, 294, 'orderMapper', 'getOrder'),
(351, 27, 294, 'when(lineItemMapper.getLineItemsByOrderId(orderId))', 'thenReturn'),
(352, 27, 294, 'lineItemMapper', 'getLineItemsByOrderId'),
(353, 27, 294, 'when(itemMapper.getItem(itemId))', 'thenReturn'),
(354, 27, 294, 'itemMapper', 'getItem'),
(355, 27, 294, 'when(itemMapper.getInventoryQuantity(itemId))', 'thenReturn'),
(356, 27, 294, 'itemMapper', 'getInventoryQuantity'),
(357, 27, 294, 'orderService', 'getOrder'),
(358, 27, 294, 'expectedOrder.getLineItems()', 'size'),
(359, 27, 294, 'expectedOrder', 'getLineItems'),
(360, 27, 294, 'expectedOrder.getLineItems().get(0).getItem()', 'getQuantity'),
(361, 27, 294, 'expectedOrder.getLineItems().get(0)', 'getItem'),
(362, 27, 294, 'expectedOrder.getLineItems()', 'get'),
(363, 27, 294, 'expectedOrder', 'getLineItems');

-- --------------------------------------------------------

--
-- Table structure for table `class_class_relations`
--

DROP TABLE IF EXISTS `class_class_relations`;
CREATE TABLE IF NOT EXISTS `class_class_relations` (
  `cc_relation_id` int(11) NOT NULL AUTO_INCREMENT,
  `first_class_id` int(11) NOT NULL,
  `second_class_id` int(11) NOT NULL,
  `num_of_method_calls` float NOT NULL,
  PRIMARY KEY (`cc_relation_id`)
) ENGINE=MyISAM AUTO_INCREMENT=42 DEFAULT CHARSET=latin1;

--
-- Dumping data for table `class_class_relations`
--

INSERT INTO `class_class_relations` (`cc_relation_id`, `first_class_id`, `second_class_id`, `num_of_method_calls`) VALUES
(1, 2, 5, 16.32),
(2, 2, 3, 48.96),
(3, 3, 5, 5.2),
(4, 6, 3, 21.76),
(5, 6, 5, 16.08),
(6, 7, 1, 92.48),
(7, 7, 2, 10.88),
(8, 17, 10, 41.6),
(9, 18, 11, 10.4),
(10, 18, 15, 15.6),
(11, 18, 12, 10.4),
(12, 19, 7, 32.64),
(13, 19, 6, 27.2),
(14, 19, 12, 15.6),
(15, 19, 14, 20.8),
(16, 19, 13, 10.4),
(17, 19, 5, 5.44),
(18, 19, 16, 5.2),
(19, 19, 9, 5.44),
(20, 21, 1, 52),
(21, 21, 17, 26),
(22, 21, 18, 15.6),
(23, 22, 2, 20.8),
(24, 22, 18, 10.4),
(25, 22, 3, 5.44),
(26, 22, 5, 5.44),
(27, 23, 18, 31.2),
(28, 23, 5, 5.2),
(29, 24, 7, 26),
(30, 24, 19, 15.6),
(31, 24, 21, 16.32),
(32, 24, 22, 10.88),
(33, 25, 17, 5.2),
(34, 26, 15, 10.4),
(35, 26, 18, 5.2),
(36, 27, 14, 10.4),
(37, 27, 13, 10.4),
(38, 27, 19, 15.6),
(39, 27, 6, 5.44),
(40, 27, 12, 10.4),
(41, 27, 7, 10.88);

-- --------------------------------------------------------

--
-- Table structure for table `if_statement`
--

DROP TABLE IF EXISTS `if_statement`;
CREATE TABLE IF NOT EXISTS `if_statement` (
  `if_id` int(11) NOT NULL AUTO_INCREMENT,
  `class_id` int(11) NOT NULL,
  `method_id` int(11) NOT NULL,
  `nesting_level` int(10) DEFAULT NULL,
  `parent_id` int(10) DEFAULT NULL,
  `par_expression` varchar(1000) DEFAULT NULL,
  `first_expression` varchar(1000) CHARACTER SET utf8 DEFAULT NULL,
  `second_expression` varchar(1000) CHARACTER SET utf8 DEFAULT NULL,
  `complexity` int(10) DEFAULT NULL,
  `block_id` int(11) DEFAULT '0',
  PRIMARY KEY (`if_id`)
) ENGINE=MyISAM AUTO_INCREMENT=14 DEFAULT CHARSET=latin1;

--
-- Dumping data for table `if_statement`
--

INSERT INTO `if_statement` (`if_id`, `class_id`, `method_id`, `nesting_level`, `parent_id`, `par_expression`, `first_expression`, `second_expression`, `complexity`, `block_id`) VALUES
(1, 2, 43, 2, 0, 'cartitem==null', NULL, NULL, NULL, 0),
(2, 3, 55, 2, 0, 'item!=null&&item.getlistprice()!=null', NULL, NULL, NULL, 0),
(3, 6, 105, 2, 0, 'item!=null&&item.getlistprice()!=null', NULL, NULL, NULL, 0),
(4, 21, 236, 2, 0, 'account==null', NULL, NULL, NULL, 0),
(5, 22, 243, 2, 0, 'cart.containsitemid(workingitemid)', NULL, NULL, NULL, 0),
(6, 22, 244, 2, 0, 'item==null', NULL, NULL, NULL, 0),
(7, 23, 273, 2, 0, 'keyword==null||keyword.length()<1', NULL, NULL, NULL, 0),
(8, 24, 286, 3, 0, 'accountbean==null||!accountbean.isauthenticated()', NULL, NULL, NULL, 0),
(9, 24, 286, 0, 8, 'cartbean!=null', NULL, NULL, NULL, 0),
(10, 24, 287, 4, 0, 'shippingaddressrequired', NULL, NULL, NULL, 0),
(11, 24, 287, 0, 10, '!isconfirmed()', NULL, NULL, NULL, 0),
(12, 24, 287, 0, 10, 'getorder()!=null', NULL, NULL, NULL, 0),
(13, 24, 288, 2, 0, 'accountbean.getaccount().getusername().equals(order.getusername())', NULL, NULL, NULL, 0);

-- --------------------------------------------------------

--
-- Table structure for table `list_class`
--

DROP TABLE IF EXISTS `list_class`;
CREATE TABLE IF NOT EXISTS `list_class` (
  `class_id` int(11) NOT NULL AUTO_INCREMENT,
  `class_type` varchar(10) CHARACTER SET utf8 NOT NULL DEFAULT '0',
  `class_name` varchar(100) CHARACTER SET utf8 NOT NULL,
  `package_name` varchar(50) CHARACTER SET utf8 DEFAULT NULL,
  `import_list` varchar(4000) CHARACTER SET utf8 DEFAULT NULL,
  `class_is_abstract` tinyint(1) NOT NULL DEFAULT '0',
  `class_visibility` varchar(10) CHARACTER SET utf8 NOT NULL DEFAULT 'public',
  `class_is_static` tinyint(1) NOT NULL DEFAULT '0',
  `class_is_final` tinyint(1) NOT NULL DEFAULT '0',
  `class_parents` text CHARACTER SET utf8 NOT NULL,
  `class_parents_interface` text CHARACTER SET utf8 NOT NULL,
  `class_children` varchar(1000) CHARACTER SET utf8 DEFAULT NULL,
  `coupling` float NOT NULL DEFAULT '0',
  `DIT` int(2) NOT NULL DEFAULT '0',
  `encapsulation` float NOT NULL DEFAULT '0',
  `polymorphism` float NOT NULL DEFAULT '0',
  `complexity` float NOT NULL DEFAULT '0',
  PRIMARY KEY (`class_id`)
) ENGINE=MyISAM AUTO_INCREMENT=28 DEFAULT CHARSET=latin1;

--
-- Dumping data for table `list_class`
--

INSERT INTO `list_class` (`class_id`, `class_type`, `class_name`, `package_name`, `import_list`, `class_is_abstract`, `class_visibility`, `class_is_static`, `class_is_final`, `class_parents`, `class_parents_interface`, `class_children`, `coupling`, `DIT`, `encapsulation`, `polymorphism`, `complexity`) VALUES
(1, '0', 'account', 'org.mybatis.jpetstore.domain', '', 0, 'public', 0, 0, '', 'serializable', NULL, 0, 0, 0, 0, 0),
(2, '0', 'cart', 'org.mybatis.jpetstore.domain', '', 0, 'public', 0, 0, '', 'serializable', NULL, 65.28, 0, 0, 0, 0),
(3, '0', 'cartitem', 'org.mybatis.jpetstore.domain', '', 0, 'public', 0, 0, '', 'serializable', NULL, 5.2, 0, 0, 0, 0),
(4, '0', 'category', 'org.mybatis.jpetstore.domain', '', 0, 'public', 0, 0, '', 'serializable', NULL, 0, 0, 0, 0, 0),
(5, '0', 'item', 'org.mybatis.jpetstore.domain', '', 0, 'public', 0, 0, '', 'serializable', NULL, 0, 0, 0, 0, 0),
(6, '0', 'lineitem', 'org.mybatis.jpetstore.domain', '', 0, 'public', 0, 0, '', 'serializable', NULL, 37.84, 0, 0, 0, 0),
(7, '0', 'order', 'org.mybatis.jpetstore.domain', '', 0, 'public', 0, 0, '', 'serializable', NULL, 103.36, 0, 0, 0, 0),
(8, '0', 'product', 'org.mybatis.jpetstore.domain', '', 0, 'public', 0, 0, '', 'serializable', NULL, 0, 0, 0, 0, 0),
(9, '0', 'sequence', 'org.mybatis.jpetstore.domain', '', 0, 'public', 0, 0, '', 'serializable', NULL, 0, 0, 0, 0, 0),
(10, '1', 'accountmapper', 'org.mybatis.jpetstore.mapper', '1,', 0, 'public', 0, 0, '', '', NULL, 0, 0, 0, 0, 0),
(11, '1', 'categorymapper', 'org.mybatis.jpetstore.mapper', '4,', 0, 'public', 0, 0, '', '', NULL, 0, 0, 0, 0, 0),
(12, '1', 'itemmapper', 'org.mybatis.jpetstore.mapper', '5,', 0, 'public', 0, 0, '', '', NULL, 0, 0, 0, 0, 0),
(13, '1', 'lineitemmapper', 'org.mybatis.jpetstore.mapper', '6,', 0, 'public', 0, 0, '', '', NULL, 0, 0, 0, 0, 0),
(14, '1', 'ordermapper', 'org.mybatis.jpetstore.mapper', '7,', 0, 'public', 0, 0, '', '', NULL, 0, 0, 0, 0, 0),
(15, '1', 'productmapper', 'org.mybatis.jpetstore.mapper', '8,', 0, 'public', 0, 0, '', '', NULL, 0, 0, 0, 0, 0),
(16, '1', 'sequencemapper', 'org.mybatis.jpetstore.mapper', '9,', 0, 'public', 0, 0, '', '', NULL, 0, 0, 0, 0, 0),
(17, '0', 'accountservice', 'org.mybatis.jpetstore.service', '1,10,', 0, 'public', 0, 0, '', '', NULL, 41.6, 0, 0, 0, 0),
(18, '0', 'catalogservice', 'org.mybatis.jpetstore.service', '4,5,8,11,12,15,', 0, 'public', 0, 0, '', '', NULL, 36.4, 0, 0, 0, 0),
(19, '0', 'orderservice', 'org.mybatis.jpetstore.service', '5,6,7,9,12,13,14,16,', 0, 'public', 0, 0, '', '', NULL, 122.72, 0, 0, 0, 0),
(20, '0', 'abstractactionbean', 'org.mybatis.jpetstore.web.actions', '', 1, 'public', 0, 0, '', 'actionbean,serializable', NULL, 0, 0, 0, 0, 0),
(21, '0', 'accountactionbean', 'org.mybatis.jpetstore.web.actions', '1,8,17,18,', 0, 'public', 0, 0, 'abstractactionbean', '', NULL, 93.6, 0, 0, 0, 0),
(22, '0', 'cartactionbean', 'org.mybatis.jpetstore.web.actions', '2,3,5,18,', 0, 'public', 0, 0, 'abstractactionbean', '', NULL, 42.08, 0, 0, 0, 0),
(23, '0', 'catalogactionbean', 'org.mybatis.jpetstore.web.actions', '4,5,8,18,', 0, 'public', 0, 0, 'abstractactionbean', '', NULL, 36.4, 0, 0, 0, 0),
(24, '0', 'orderactionbean', 'org.mybatis.jpetstore.web.actions', '7,19,', 0, 'public', 0, 0, 'abstractactionbean', '', NULL, 68.8, 0, 0, 0, 0),
(25, '0', 'accountservicetest', 'org.mybatis.jpetstore.service', '1,10,', 0, 'public', 0, 0, '', '', NULL, 5.2, 0, 0, 0, 0),
(26, '0', 'catalogservicetest', 'org.mybatis.jpetstore.service', '8,11,12,15,', 0, 'public', 0, 0, '', '', NULL, 15.6, 0, 0, 0, 0),
(27, '0', 'orderservicetest', 'org.mybatis.jpetstore.service', '5,6,7,12,13,14,16,', 0, 'public', 0, 0, '', '', NULL, 63.12, 0, 0, 0, 0);

-- --------------------------------------------------------

--
-- Table structure for table `list_field`
--

DROP TABLE IF EXISTS `list_field`;
CREATE TABLE IF NOT EXISTS `list_field` (
  `field_id` int(11) NOT NULL AUTO_INCREMENT,
  `field_class_id` int(11) NOT NULL,
  `field_method_id` int(11) NOT NULL,
  `field_visibility` varchar(10) CHARACTER SET utf8 NOT NULL DEFAULT 'public',
  `field_is_static` tinyint(1) NOT NULL DEFAULT '0',
  `field_is_final` tinyint(1) NOT NULL DEFAULT '0',
  `field_name` varchar(100) CHARACTER SET utf8 NOT NULL,
  `field_type` varchar(100) CHARACTER SET utf8 NOT NULL,
  `field_value` varchar(100) CHARACTER SET utf8 NOT NULL,
  `field_group` int(11) NOT NULL DEFAULT '0',
  PRIMARY KEY (`field_id`)
) ENGINE=MyISAM AUTO_INCREMENT=393 DEFAULT CHARSET=latin1;

--
-- Dumping data for table `list_field`
--

INSERT INTO `list_field` (`field_id`, `field_class_id`, `field_method_id`, `field_visibility`, `field_is_static`, `field_is_final`, `field_name`, `field_type`, `field_value`, `field_group`) VALUES
(1, 1, 0, 'private', 1, 1, 'serialversionuid', 'long', '8751282105532159742l', 0),
(2, 1, 0, 'private', 0, 0, 'username', 'string', '', 0),
(3, 1, 0, 'private', 0, 0, 'password', 'string', '', 0),
(4, 1, 0, 'private', 0, 0, 'email', 'string', '', 0),
(5, 1, 0, 'private', 0, 0, 'firstname', 'string', '', 0),
(6, 1, 0, 'private', 0, 0, 'lastname', 'string', '', 0),
(7, 1, 0, 'private', 0, 0, 'status', 'string', '', 0),
(8, 1, 0, 'private', 0, 0, 'address1', 'string', '', 0),
(9, 1, 0, 'private', 0, 0, 'address2', 'string', '', 0),
(10, 1, 0, 'private', 0, 0, 'city', 'string', '', 0),
(11, 1, 0, 'private', 0, 0, 'state', 'string', '', 0),
(12, 1, 0, 'private', 0, 0, 'zip', 'string', '', 0),
(13, 1, 0, 'private', 0, 0, 'country', 'string', '', 0),
(14, 1, 0, 'private', 0, 0, 'phone', 'string', '', 0),
(15, 1, 0, 'private', 0, 0, 'favouritecategoryid', 'string', '', 0),
(16, 1, 0, 'private', 0, 0, 'languagepreference', 'string', '', 0),
(17, 1, 0, 'private', 0, 0, 'listoption', 'boolean', '', 0),
(18, 1, 0, 'private', 0, 0, 'banneroption', 'boolean', '', 0),
(19, 1, 0, 'private', 0, 0, 'bannername', 'string', '', 0),
(20, 1, 2, 'private', 0, 0, 'username', 'string', '', 2),
(21, 1, 4, 'private', 0, 0, 'password', 'string', '', 2),
(22, 1, 6, 'private', 0, 0, 'email', 'string', '', 2),
(23, 1, 8, 'private', 0, 0, 'firstname', 'string', '', 2),
(24, 1, 10, 'private', 0, 0, 'lastname', 'string', '', 2),
(25, 1, 12, 'private', 0, 0, 'status', 'string', '', 2),
(26, 1, 14, 'private', 0, 0, 'address1', 'string', '', 2),
(27, 1, 16, 'private', 0, 0, 'address2', 'string', '', 2),
(28, 1, 18, 'private', 0, 0, 'city', 'string', '', 2),
(29, 1, 20, 'private', 0, 0, 'state', 'string', '', 2),
(30, 1, 22, 'private', 0, 0, 'zip', 'string', '', 2),
(31, 1, 24, 'private', 0, 0, 'country', 'string', '', 2),
(32, 1, 26, 'private', 0, 0, 'phone', 'string', '', 2),
(33, 1, 28, 'private', 0, 0, 'favouritecategoryid', 'string', '', 2),
(34, 1, 30, 'private', 0, 0, 'languagepreference', 'string', '', 2),
(35, 1, 32, 'private', 0, 0, 'listoption', 'boolean', '', 2),
(36, 1, 34, 'private', 0, 0, 'banneroption', 'boolean', '', 2),
(37, 1, 36, 'private', 0, 0, 'bannername', 'string', '', 2),
(38, 2, 0, 'private', 1, 1, 'serialversionuid', 'long', '8329559983943337176l', 0),
(39, 2, 0, 'private', 0, 1, 'itemmap', 'map<string,cartitem>', 'collections.synchronizedmap(newhashmap<string,cartitem>())', 0),
(40, 2, 0, 'private', 0, 1, 'itemlist', 'list<cartitem>', 'newarraylist<cartitem>()', 0),
(41, 2, 41, 'private', 0, 0, 'itemid', 'string', '', 2),
(42, 2, 42, 'private', 0, 0, 'item', 'item', '', 2),
(43, 2, 42, 'private', 0, 0, 'isinstock', 'boolean', '', 2),
(44, 2, 42, 'private', 0, 0, 'cartitem', 'cartitem', 'newcartitem()', 1),
(45, 2, 43, 'private', 0, 0, 'itemid', 'string', '', 2),
(46, 2, 43, 'private', 0, 0, 'cartitem', 'cartitem', '(cartitem)itemmap.remove(itemid)', 1),
(47, 2, 44, 'private', 0, 0, 'itemid', 'string', '', 2),
(48, 2, 44, 'private', 0, 0, 'cartitem', 'cartitem', '(cartitem)itemmap.get(itemid)', 1),
(49, 2, 45, 'private', 0, 0, 'itemid', 'string', '', 2),
(50, 2, 45, 'private', 0, 0, 'quantity', 'int', '', 2),
(51, 2, 45, 'private', 0, 0, 'cartitem', 'cartitem', '(cartitem)itemmap.get(itemid)', 1),
(52, 2, 46, 'private', 0, 0, 'subtotal', 'bigdecimal', 'subtotal.add(listprice.multiply(quantity))', 1),
(53, 2, 46, 'private', 0, 0, 'items', 'iterator<cartitem>', 'getallcartitems()', 1),
(54, 2, 46, 'private', 0, 0, 'cartitem', 'cartitem', '(cartitem)items.next()', 1),
(55, 2, 46, 'private', 0, 0, 'item', 'item', 'cartitem.getitem()', 1),
(56, 2, 46, 'private', 0, 0, 'listprice', 'bigdecimal', 'item.getlistprice()', 1),
(57, 2, 46, 'private', 0, 0, 'quantity', 'bigdecimal', 'newbigdecimal(string.valueof(cartitem.getquantity()))', 1),
(58, 3, 0, 'private', 1, 1, 'serialversionuid', 'long', '6620528781626504362l', 0),
(59, 3, 0, 'private', 0, 0, 'item', 'item', '', 0),
(60, 3, 0, 'private', 0, 0, 'quantity', 'int', '', 0),
(61, 3, 0, 'private', 0, 0, 'instock', 'boolean', '', 0),
(62, 3, 0, 'private', 0, 0, 'total', 'bigdecimal', 'null', 0),
(63, 3, 48, 'private', 0, 0, 'instock', 'boolean', '', 2),
(64, 3, 51, 'private', 0, 0, 'item', 'item', '', 2),
(65, 3, 53, 'private', 0, 0, 'quantity', 'int', '', 2),
(66, 4, 0, 'private', 1, 1, 'serialversionuid', 'long', '3992469837058393712l', 0),
(67, 4, 0, 'private', 0, 0, 'categoryid', 'string', '', 0),
(68, 4, 0, 'private', 0, 0, 'name', 'string', '', 0),
(69, 4, 0, 'private', 0, 0, 'description', 'string', '', 0),
(70, 4, 57, 'private', 0, 0, 'categoryid', 'string', '', 2),
(71, 4, 59, 'private', 0, 0, 'name', 'string', '', 2),
(72, 4, 61, 'private', 0, 0, 'description', 'string', '', 2),
(73, 5, 0, 'private', 1, 1, 'serialversionuid', 'long', '-2159121673445254631l', 0),
(74, 5, 0, 'private', 0, 0, 'itemid', 'string', '', 0),
(75, 5, 0, 'private', 0, 0, 'productid', 'string', '', 0),
(76, 5, 0, 'private', 0, 0, 'listprice', 'bigdecimal', '', 0),
(77, 5, 0, 'private', 0, 0, 'unitcost', 'bigdecimal', '', 0),
(78, 5, 0, 'private', 0, 0, 'supplierid', 'int', '', 0),
(79, 5, 0, 'private', 0, 0, 'status', 'string', '', 0),
(80, 5, 0, 'private', 0, 0, 'attribute1', 'string', '', 0),
(81, 5, 0, 'private', 0, 0, 'attribute2', 'string', '', 0),
(82, 5, 0, 'private', 0, 0, 'attribute3', 'string', '', 0),
(83, 5, 0, 'private', 0, 0, 'attribute4', 'string', '', 0),
(84, 5, 0, 'private', 0, 0, 'attribute5', 'string', '', 0),
(85, 5, 0, 'private', 0, 0, 'product', 'product', '', 0),
(86, 5, 0, 'private', 0, 0, 'quantity', 'int', '', 0),
(87, 5, 64, 'private', 0, 0, 'itemid', 'string', '', 2),
(88, 5, 66, 'private', 0, 0, 'quantity', 'int', '', 2),
(89, 5, 68, 'private', 0, 0, 'product', 'product', '', 2),
(90, 5, 70, 'private', 0, 0, 'productid', 'string', '', 2),
(91, 5, 72, 'private', 0, 0, 'supplierid', 'int', '', 2),
(92, 5, 74, 'private', 0, 0, 'listprice', 'bigdecimal', '', 2),
(93, 5, 76, 'private', 0, 0, 'unitcost', 'bigdecimal', '', 2),
(94, 5, 78, 'private', 0, 0, 'status', 'string', '', 2),
(95, 5, 80, 'private', 0, 0, 'attribute1', 'string', '', 2),
(96, 5, 82, 'private', 0, 0, 'attribute2', 'string', '', 2),
(97, 5, 84, 'private', 0, 0, 'attribute3', 'string', '', 2),
(98, 5, 86, 'private', 0, 0, 'attribute4', 'string', '', 2),
(99, 5, 88, 'private', 0, 0, 'attribute5', 'string', '', 2),
(100, 6, 0, 'private', 1, 1, 'serialversionuid', 'long', '6804536240033522156l', 0),
(101, 6, 0, 'private', 0, 0, 'orderid', 'int', '', 0),
(102, 6, 0, 'private', 0, 0, 'linenumber', 'int', '', 0),
(103, 6, 0, 'private', 0, 0, 'quantity', 'int', '', 0),
(104, 6, 0, 'private', 0, 0, 'itemid', 'string', '', 0),
(105, 6, 0, 'private', 0, 0, 'unitprice', 'bigdecimal', '', 0),
(106, 6, 0, 'private', 0, 0, 'item', 'item', '', 0),
(107, 6, 0, 'private', 0, 0, 'total', 'bigdecimal', 'null', 0),
(108, 6, 91, 'private', 0, 0, 'linenumber', 'int', '', 2),
(109, 6, 91, 'private', 0, 0, 'cartitem', 'cartitem', '', 2),
(110, 6, 93, 'private', 0, 0, 'orderid', 'int', '', 2),
(111, 6, 95, 'private', 0, 0, 'linenumber', 'int', '', 2),
(112, 6, 97, 'private', 0, 0, 'itemid', 'string', '', 2),
(113, 6, 99, 'private', 0, 0, 'unitprice', 'bigdecimal', '', 2),
(114, 6, 102, 'private', 0, 0, 'item', 'item', '', 2),
(115, 6, 104, 'private', 0, 0, 'quantity', 'int', '', 2),
(116, 7, 0, 'private', 1, 1, 'serialversionuid', 'long', '6321792448424424931l', 0),
(117, 7, 0, 'private', 0, 0, 'orderid', 'int', '', 0),
(118, 7, 0, 'private', 0, 0, 'username', 'string', 'account.getusername()', 0),
(119, 7, 0, 'private', 0, 0, 'orderdate', 'date', 'newdate()', 0),
(120, 7, 0, 'private', 0, 0, 'shipaddress1', 'string', 'account.getaddress1()', 0),
(121, 7, 0, 'private', 0, 0, 'shipaddress2', 'string', 'account.getaddress2()', 0),
(122, 7, 0, 'private', 0, 0, 'shipcity', 'string', 'account.getcity()', 0),
(123, 7, 0, 'private', 0, 0, 'shipstate', 'string', 'account.getstate()', 0),
(124, 7, 0, 'private', 0, 0, 'shipzip', 'string', 'account.getzip()', 0),
(125, 7, 0, 'private', 0, 0, 'shipcountry', 'string', 'account.getcountry()', 0),
(126, 7, 0, 'private', 0, 0, 'billaddress1', 'string', 'account.getaddress1()', 0),
(127, 7, 0, 'private', 0, 0, 'billaddress2', 'string', 'account.getaddress2()', 0),
(128, 7, 0, 'private', 0, 0, 'billcity', 'string', 'account.getcity()', 0),
(129, 7, 0, 'private', 0, 0, 'billstate', 'string', 'account.getstate()', 0),
(130, 7, 0, 'private', 0, 0, 'billzip', 'string', 'account.getzip()', 0),
(131, 7, 0, 'private', 0, 0, 'billcountry', 'string', 'account.getcountry()', 0),
(132, 7, 0, 'private', 0, 0, 'courier', 'string', '\"ups\"', 0),
(133, 7, 0, 'private', 0, 0, 'totalprice', 'bigdecimal', 'cart.getsubtotal()', 0),
(134, 7, 0, 'private', 0, 0, 'billtofirstname', 'string', 'account.getfirstname()', 0),
(135, 7, 0, 'private', 0, 0, 'billtolastname', 'string', 'account.getlastname()', 0),
(136, 7, 0, 'private', 0, 0, 'shiptofirstname', 'string', 'account.getfirstname()', 0),
(137, 7, 0, 'private', 0, 0, 'shiptolastname', 'string', 'account.getlastname()', 0),
(138, 7, 0, 'private', 0, 0, 'creditcard', 'string', '\"999 9999 9999 9999\"', 0),
(139, 7, 0, 'private', 0, 0, 'expirydate', 'string', '\"12/03\"', 0),
(140, 7, 0, 'private', 0, 0, 'cardtype', 'string', '\"visa\"', 0),
(141, 7, 0, 'private', 0, 0, 'locale', 'string', '\"ca\"', 0),
(142, 7, 0, 'private', 0, 0, 'status', 'string', '\"p\"', 0),
(143, 7, 0, 'private', 0, 0, 'lineitems', 'list<lineitem>', 'newarraylist<lineitem>()', 0),
(144, 7, 107, 'private', 0, 0, 'orderid', 'int', '', 2),
(145, 7, 109, 'private', 0, 0, 'username', 'string', '', 2),
(146, 7, 111, 'private', 0, 0, 'orderdate', 'date', '', 2),
(147, 7, 113, 'private', 0, 0, 'shipaddress1', 'string', '', 2),
(148, 7, 115, 'private', 0, 0, 'shipaddress2', 'string', '', 2),
(149, 7, 117, 'private', 0, 0, 'shipcity', 'string', '', 2),
(150, 7, 119, 'private', 0, 0, 'shipstate', 'string', '', 2),
(151, 7, 121, 'private', 0, 0, 'shipzip', 'string', '', 2),
(152, 7, 123, 'private', 0, 0, 'shipcountry', 'string', '', 2),
(153, 7, 125, 'private', 0, 0, 'billaddress1', 'string', '', 2),
(154, 7, 127, 'private', 0, 0, 'billaddress2', 'string', '', 2),
(155, 7, 129, 'private', 0, 0, 'billcity', 'string', '', 2),
(156, 7, 131, 'private', 0, 0, 'billstate', 'string', '', 2),
(157, 7, 133, 'private', 0, 0, 'billzip', 'string', '', 2),
(158, 7, 135, 'private', 0, 0, 'billcountry', 'string', '', 2),
(159, 7, 137, 'private', 0, 0, 'courier', 'string', '', 2),
(160, 7, 139, 'private', 0, 0, 'totalprice', 'bigdecimal', '', 2),
(161, 7, 141, 'private', 0, 0, 'billtofirstname', 'string', '', 2),
(162, 7, 143, 'private', 0, 0, 'billtolastname', 'string', '', 2),
(163, 7, 145, 'private', 0, 0, 'shipfofirstname', 'string', '', 2),
(164, 7, 147, 'private', 0, 0, 'shiptolastname', 'string', '', 2),
(165, 7, 149, 'private', 0, 0, 'creditcard', 'string', '', 2),
(166, 7, 151, 'private', 0, 0, 'expirydate', 'string', '', 2),
(167, 7, 153, 'private', 0, 0, 'cardtype', 'string', '', 2),
(168, 7, 155, 'private', 0, 0, 'locale', 'string', '', 2),
(169, 7, 157, 'private', 0, 0, 'status', 'string', '', 2),
(170, 7, 158, 'private', 0, 0, 'lineitems', 'list<lineitem>', '', 2),
(171, 7, 160, 'private', 0, 0, 'account', 'account', '', 2),
(172, 7, 160, 'private', 0, 0, 'cart', 'cart', '', 2),
(173, 7, 160, 'private', 0, 0, 'i', 'iterator<cartitem>', 'cart.getallcartitems()', 1),
(174, 7, 160, 'private', 0, 0, 'cartitem', 'cartitem', '(cartitem)i.next()', 1),
(175, 7, 161, 'private', 0, 0, 'cartitem', 'cartitem', '', 2),
(176, 7, 161, 'private', 0, 0, 'lineitem', 'lineitem', 'newlineitem(lineitems.size()+1,cartitem)', 1),
(177, 7, 162, 'private', 0, 0, 'lineitem', 'lineitem', '', 2),
(178, 8, 0, 'private', 1, 1, 'serialversionuid', 'long', '-7492639752670189553l', 0),
(179, 8, 0, 'private', 0, 0, 'productid', 'string', '', 0),
(180, 8, 0, 'private', 0, 0, 'categoryid', 'string', '', 0),
(181, 8, 0, 'private', 0, 0, 'name', 'string', '', 0),
(182, 8, 0, 'private', 0, 0, 'description', 'string', '', 0),
(183, 8, 164, 'private', 0, 0, 'productid', 'string', '', 2),
(184, 8, 166, 'private', 0, 0, 'categoryid', 'string', '', 2),
(185, 8, 168, 'private', 0, 0, 'name', 'string', '', 2),
(186, 8, 170, 'private', 0, 0, 'description', 'string', '', 2),
(187, 9, 0, 'private', 1, 1, 'serialversionuid', 'long', '8278780133180137281l', 0),
(188, 9, 0, 'private', 0, 0, 'name', 'string', '', 0),
(189, 9, 0, 'private', 0, 0, 'nextid', 'int', '', 0),
(190, 9, 173, 'private', 0, 0, 'name', 'string', '', 2),
(191, 9, 173, 'private', 0, 0, 'nextid', 'int', '', 2),
(192, 9, 175, 'private', 0, 0, 'name', 'string', '', 2),
(193, 9, 177, 'private', 0, 0, 'nextid', 'int', '', 2),
(194, 10, 178, 'private', 0, 0, 'username', 'string', '', 2),
(195, 10, 179, 'private', 0, 0, 'username', 'string', '', 2),
(196, 10, 179, 'private', 0, 0, 'password', 'string', '', 2),
(197, 10, 180, 'private', 0, 0, 'account', 'account', '', 2),
(198, 10, 181, 'private', 0, 0, 'account', 'account', '', 2),
(199, 10, 182, 'private', 0, 0, 'account', 'account', '', 2),
(200, 10, 183, 'private', 0, 0, 'account', 'account', '', 2),
(201, 10, 184, 'private', 0, 0, 'account', 'account', '', 2),
(202, 10, 185, 'private', 0, 0, 'account', 'account', '', 2),
(203, 11, 187, 'private', 0, 0, 'categoryid', 'string', '', 2),
(204, 12, 188, 'private', 0, 0, 'param', 'map<string,object>', '', 2),
(205, 12, 189, 'private', 0, 0, 'itemid', 'string', '', 2),
(206, 12, 190, 'private', 0, 0, 'productid', 'string', '', 2),
(207, 12, 191, 'private', 0, 0, 'itemid', 'string', '', 2),
(208, 13, 192, 'private', 0, 0, 'orderid', 'int', '', 2),
(209, 13, 193, 'private', 0, 0, 'lineitem', 'lineitem', '', 2),
(210, 14, 194, 'private', 0, 0, 'username', 'string', '', 2),
(211, 14, 195, 'private', 0, 0, 'orderid', 'int', '', 2),
(212, 14, 196, 'private', 0, 0, 'order', 'order', '', 2),
(213, 14, 197, 'private', 0, 0, 'order', 'order', '', 2),
(214, 15, 198, 'private', 0, 0, 'categoryid', 'string', '', 2),
(215, 15, 199, 'private', 0, 0, 'productid', 'string', '', 2),
(216, 15, 200, 'private', 0, 0, 'keywords', 'string', '', 2),
(217, 16, 201, 'private', 0, 0, 'sequence', 'sequence', '', 2),
(218, 16, 202, 'private', 0, 0, 'sequence', 'sequence', '', 2),
(219, 17, 0, 'private', 0, 0, 'accountmapper', 'accountmapper', '', 0),
(220, 17, 203, 'private', 0, 0, 'username', 'string', '', 2),
(221, 17, 204, 'private', 0, 0, 'username', 'string', '', 2),
(222, 17, 204, 'private', 0, 0, 'password', 'string', '', 2),
(223, 17, 205, 'private', 0, 0, 'account', 'account', '', 2),
(224, 17, 206, 'private', 0, 0, 'account', 'account', '', 2),
(225, 18, 0, 'private', 0, 0, 'categorymapper', 'categorymapper', '', 0),
(226, 18, 0, 'private', 0, 0, 'itemmapper', 'itemmapper', '', 0),
(227, 18, 0, 'private', 0, 0, 'productmapper', 'productmapper', '', 0),
(228, 18, 208, 'private', 0, 0, 'categoryid', 'string', '', 2),
(229, 18, 209, 'private', 0, 0, 'productid', 'string', '', 2),
(230, 18, 210, 'private', 0, 0, 'categoryid', 'string', '', 2),
(231, 18, 211, 'private', 0, 0, 'keywords', 'string', '', 2),
(232, 18, 211, 'private', 0, 0, 'products', 'list<product>', 'newarraylist<product>()', 1),
(233, 18, 212, 'private', 0, 0, 'productid', 'string', '', 2),
(234, 18, 213, 'private', 0, 0, 'itemid', 'string', '', 2),
(235, 18, 214, 'private', 0, 0, 'itemid', 'string', '', 2),
(236, 19, 0, 'private', 0, 0, 'itemmapper', 'itemmapper', '', 0),
(237, 19, 0, 'private', 0, 0, 'ordermapper', 'ordermapper', '', 0),
(238, 19, 0, 'private', 0, 0, 'sequencemapper', 'sequencemapper', '', 0),
(239, 19, 0, 'private', 0, 0, 'lineitemmapper', 'lineitemmapper', '', 0),
(240, 19, 215, 'private', 0, 0, 'order', 'order', '', 2),
(241, 19, 215, 'private', 0, 0, 'i', 'int', '0', 1),
(242, 19, 215, 'private', 0, 0, 'lineitem', 'lineitem', '(lineitem)order.getlineitems().get(i)', 1),
(243, 19, 215, 'private', 0, 0, 'itemid', 'string', 'lineitem.getitemid()', 1),
(244, 19, 215, 'private', 0, 0, 'increment', 'integer', 'newinteger(lineitem.getquantity())', 1),
(245, 19, 215, 'private', 0, 0, 'param', 'map<string,object>', 'newhashmap<string,object>(2)', 1),
(246, 19, 215, 'private', 0, 0, 'i', 'int', '0', 1),
(247, 19, 215, 'private', 0, 0, 'lineitem', 'lineitem', '(lineitem)order.getlineitems().get(i)', 1),
(248, 19, 216, 'private', 0, 0, 'orderid', 'int', '', 2),
(249, 19, 216, 'private', 0, 0, 'order', 'order', 'ordermapper.getorder(orderid)', 1),
(250, 19, 216, 'private', 0, 0, 'i', 'int', '0', 1),
(251, 19, 216, 'private', 0, 0, 'lineitem', 'lineitem', '(lineitem)order.getlineitems().get(i)', 1),
(252, 19, 216, 'private', 0, 0, 'item', 'item', 'itemmapper.getitem(lineitem.getitemid())', 1),
(253, 19, 217, 'private', 0, 0, 'username', 'string', '', 2),
(254, 19, 218, 'private', 0, 0, 'name', 'string', '', 2),
(255, 19, 218, 'private', 0, 0, 'sequence', 'sequence', '(sequence)sequencemapper.getsequence(sequence)', 1),
(256, 19, 218, 'private', 0, 0, 'parameterobject', 'sequence', 'newsequence(name,sequence.getnextid()+1)', 1),
(257, 20, 0, 'private', 1, 1, 'serialversionuid', 'long', '-1767714708233127983l', 0),
(258, 20, 0, 'protected', 1, 1, 'error', 'string', '\"/web-inf/jsp/common/error.jsp\"', 0),
(259, 20, 0, 'protected', 0, 0, 'context', 'actionbeancontext', '', 0),
(260, 20, 219, 'private', 0, 0, 'value', 'string', '', 2),
(261, 20, 221, 'private', 0, 0, 'context', 'actionbeancontext', '', 2),
(262, 21, 0, 'private', 1, 1, 'serialversionuid', 'long', '5499663666155758178l', 0),
(263, 21, 0, 'private', 1, 1, 'new_account', 'string', '\"/web-inf/jsp/account/newaccountform.jsp\"', 0),
(264, 21, 0, 'private', 1, 1, 'edit_account', 'string', '\"/web-inf/jsp/account/editaccountform.jsp\"', 0),
(265, 21, 0, 'private', 1, 1, 'signon', 'string', '\"/web-inf/jsp/account/signonform.jsp\"', 0),
(266, 21, 0, 'private', 1, 1, 'language_list', 'list<string>', 'collections.unmodifiablelist(langlist)', 0),
(267, 21, 0, 'private', 1, 1, 'category_list', 'list<string>', 'collections.unmodifiablelist(catlist)', 0),
(268, 21, 0, 'private', 0, 0, 'accountservice', 'accountservice', '', 0),
(269, 21, 0, 'private', 0, 0, 'catalogservice', 'catalogservice', '', 0),
(270, 21, 0, 'private', 0, 0, 'account', 'account', 'newaccount()', 0),
(271, 21, 0, 'private', 0, 0, 'mylist', 'list<product>', 'null', 0),
(272, 21, 0, 'private', 0, 0, 'authenticated', 'boolean', 'false', 0),
(273, 21, 0, 'private', 0, 0, 'langlist', 'list<string>', 'newarraylist<string>()', 1),
(274, 21, 0, 'private', 0, 0, 'catlist', 'list<string>', 'newarraylist<string>()', 1),
(275, 21, 224, 'private', 0, 0, 'username', 'string', '', 2),
(276, 21, 226, 'private', 0, 0, 'password', 'string', '', 2),
(277, 21, 228, 'private', 0, 0, 'mylist', 'list<product>', '', 2),
(280, 22, 0, 'private', 1, 1, 'serialversionuid', 'long', '-4038684592582714235l', 0),
(281, 22, 0, 'private', 1, 1, 'view_cart', 'string', '\"/web-inf/jsp/cart/cart.jsp\"', 0),
(278, 21, 236, 'private', 0, 0, 'value', 'string', '\"invalid username or password.  signon failed.\"', 1),
(279, 21, 236, 'private', 0, 0, 's', 'httpsession', 'context.getrequest().getsession()', 1),
(282, 22, 0, 'private', 1, 1, 'check_out', 'string', '\"/web-inf/jsp/cart/checkout.jsp\"', 0),
(283, 22, 0, 'private', 0, 0, 'catalogservice', 'catalogservice', '', 0),
(284, 22, 0, 'private', 0, 0, 'cart', 'cart', 'newcart()', 0),
(285, 22, 0, 'private', 0, 0, 'workingitemid', 'string', 'null', 0),
(286, 22, 241, 'private', 0, 0, 'cart', 'cart', '', 2),
(287, 22, 242, 'private', 0, 0, 'workingitemid', 'string', '', 2),
(288, 22, 243, 'private', 0, 0, 'isinstock', 'boolean', 'catalogservice.isiteminstock(workingitemid)', 1),
(289, 22, 243, 'private', 0, 0, 'item', 'item', 'catalogservice.getitem(workingitemid)', 1),
(290, 22, 244, 'private', 0, 0, 'item', 'item', 'cart.removeitembyid(workingitemid)', 1),
(291, 22, 245, 'private', 0, 0, 'request', 'httpservletrequest', 'context.getrequest()', 1),
(292, 22, 245, 'private', 0, 0, 'cartitems', 'iterator<cartitem>', 'getcart().getallcartitems()', 1),
(293, 22, 245, 'private', 0, 0, 'cartitem', 'cartitem', '(cartitem)cartitems.next()', 1),
(294, 22, 245, 'private', 0, 0, 'itemid', 'string', 'cartitem.getitem().getitemid()', 1),
(295, 22, 245, 'private', 0, 0, 'quantity', 'int', 'integer.parseint((string)request.getparameter(itemid))', 1),
(296, 23, 0, 'private', 1, 1, 'serialversionuid', 'long', '5849523372175050635l', 0),
(297, 23, 0, 'private', 1, 1, 'main', 'string', '\"/web-inf/jsp/catalog/main.jsp\"', 0),
(298, 23, 0, 'private', 1, 1, 'view_category', 'string', '\"/web-inf/jsp/catalog/category.jsp\"', 0),
(299, 23, 0, 'private', 1, 1, 'view_product', 'string', '\"/web-inf/jsp/catalog/product.jsp\"', 0),
(300, 23, 0, 'private', 1, 1, 'view_item', 'string', '\"/web-inf/jsp/catalog/item.jsp\"', 0),
(301, 23, 0, 'private', 1, 1, 'search_products', 'string', '\"/web-inf/jsp/catalog/searchproducts.jsp\"', 0),
(302, 23, 0, 'private', 0, 0, 'catalogservice', 'catalogservice', '', 0),
(303, 23, 0, 'private', 0, 0, 'keyword', 'string', 'null', 0),
(304, 23, 0, 'private', 0, 0, 'categoryid', 'string', 'null', 0),
(305, 23, 0, 'private', 0, 0, 'category', 'category', 'null', 0),
(306, 23, 0, 'private', 0, 0, 'categorylist', 'list<category>', 'null', 0),
(307, 23, 0, 'private', 0, 0, 'productid', 'string', 'null', 0),
(308, 23, 0, 'private', 0, 0, 'product', 'product', 'null', 0),
(309, 23, 0, 'private', 0, 0, 'productlist', 'list<product>', 'null', 0),
(310, 23, 0, 'private', 0, 0, 'itemid', 'string', 'null', 0),
(311, 23, 0, 'private', 0, 0, 'item', 'item', 'null', 0),
(312, 23, 0, 'private', 0, 0, 'itemlist', 'list<item>', 'null', 0),
(313, 23, 250, 'private', 0, 0, 'keyword', 'string', '', 2),
(314, 23, 252, 'private', 0, 0, 'categoryid', 'string', '', 2),
(315, 23, 254, 'private', 0, 0, 'productid', 'string', '', 2),
(316, 23, 256, 'private', 0, 0, 'itemid', 'string', '', 2),
(317, 23, 258, 'private', 0, 0, 'category', 'category', '', 2),
(318, 23, 260, 'private', 0, 0, 'product', 'product', '', 2),
(319, 23, 262, 'private', 0, 0, 'item', 'item', '', 2),
(320, 23, 264, 'private', 0, 0, 'categorylist', 'list<category>', '', 2),
(321, 23, 266, 'private', 0, 0, 'productlist', 'list<product>', '', 2),
(322, 23, 268, 'private', 0, 0, 'itemlist', 'list<item>', '', 2),
(323, 24, 0, 'private', 1, 1, 'serialversionuid', 'long', '-6171288227470176272l', 0),
(324, 24, 0, 'private', 1, 1, 'confirm_order', 'string', '\"/web-inf/jsp/order/confirmorder.jsp\"', 0),
(325, 24, 0, 'private', 1, 1, 'list_orders', 'string', '\"/web-inf/jsp/order/listorders.jsp\"', 0),
(326, 24, 0, 'private', 1, 1, 'new_order', 'string', '\"/web-inf/jsp/order/neworderform.jsp\"', 0),
(327, 24, 0, 'private', 1, 1, 'shipping', 'string', '\"/web-inf/jsp/order/shippingform.jsp\"', 0),
(328, 24, 0, 'private', 1, 1, 'view_order', 'string', '\"/web-inf/jsp/order/vieworder.jsp\"', 0),
(329, 24, 0, 'private', 1, 1, 'card_type_list', 'list<string>', 'collections.unmodifiablelist(cardlist)', 0),
(330, 24, 0, 'private', 0, 0, 'orderservice', 'orderservice', '', 0),
(331, 24, 0, 'private', 0, 0, 'order', 'order', 'neworder()', 0),
(332, 24, 0, 'private', 0, 0, 'shippingaddressrequired', 'boolean', 'false', 0),
(333, 24, 0, 'private', 0, 0, 'confirmed', 'boolean', 'false', 0),
(334, 24, 0, 'private', 0, 0, 'orderlist', 'list<order>', 'null', 0),
(335, 24, 0, 'private', 0, 0, 'cardlist', 'list<string>', 'newarraylist<string>()', 1),
(336, 24, 276, 'private', 0, 0, 'orderid', 'int', '', 2),
(337, 24, 278, 'private', 0, 0, 'order', 'order', '', 2),
(338, 24, 280, 'private', 0, 0, 'shippingaddressrequired', 'boolean', '', 2),
(339, 24, 282, 'private', 0, 0, 'confirmed', 'boolean', '', 2),
(340, 24, 285, 'private', 0, 0, 'session', 'httpsession', 'context.getrequest().getsession()', 1),
(341, 24, 285, 'private', 0, 0, 'accountbean', 'accountactionbean', '(accountactionbean)session.getattribute(\"/actions/account.action\")', 1),
(349, 25, 0, 'private', 0, 0, 'accountmapper', 'accountmapper', '', 0),
(342, 24, 286, 'private', 0, 0, 'session', 'httpsession', 'context.getrequest().getsession()', 1),
(343, 24, 286, 'private', 0, 0, 'accountbean', 'accountactionbean', '(accountactionbean)session.getattribute(\"/actions/account.action\")', 1),
(344, 24, 286, 'private', 0, 0, 'cartbean', 'cartactionbean', '(cartactionbean)session.getattribute(\"/actions/cart.action\")', 1),
(345, 24, 287, 'private', 0, 0, 'session', 'httpsession', 'context.getrequest().getsession()', 1),
(346, 24, 287, 'private', 0, 0, 'cartbean', 'cartactionbean', '(cartactionbean)session.getattribute(\"/actions/cart.action\")', 1),
(347, 24, 288, 'private', 0, 0, 'session', 'httpsession', 'context.getrequest().getsession()', 1),
(348, 24, 288, 'private', 0, 0, 'accountbean', 'accountactionbean', '(accountactionbean)session.getattribute(\"accountbean\")', 1),
(350, 25, 0, 'private', 0, 0, 'accountservice', 'accountservice', '', 0),
(351, 25, 290, 'private', 0, 0, 'account', 'account', 'newaccount()', 1),
(352, 26, 0, 'private', 0, 0, 'categorymapper', 'categorymapper', '', 0),
(353, 26, 0, 'private', 0, 0, 'itemmapper', 'itemmapper', '', 0),
(354, 26, 0, 'private', 0, 0, 'productmapper', 'productmapper', '', 0),
(355, 26, 0, 'private', 0, 0, 'catalogservice', 'catalogservice', '', 0),
(356, 26, 291, 'private', 0, 0, 'keywords', 'string', '\"a b\"', 1),
(357, 26, 291, 'private', 0, 0, 'l1', 'list<product>', 'newarraylist<product>()', 1),
(358, 26, 291, 'private', 0, 0, 'l2', 'list<product>', 'newarraylist<product>()', 1),
(359, 26, 291, 'private', 0, 0, 'r', 'list<product>', 'catalogservice.searchproductlist(keywords)', 1),
(360, 27, 0, 'private', 0, 0, 'itemmapper', 'itemmapper', '', 0),
(361, 27, 0, 'private', 0, 0, 'ordermapper', 'ordermapper', '', 0),
(362, 27, 0, 'private', 0, 0, 'sequencemapper', 'sequencemapper', '', 0),
(363, 27, 0, 'private', 0, 0, 'lineitemmapper', 'lineitemmapper', '', 0),
(364, 27, 0, 'private', 0, 0, 'orderservice', 'orderservice', '', 0),
(365, 27, 293, 'private', 0, 0, 'orderid', 'int', '1', 1),
(366, 27, 293, 'private', 0, 0, 'order', 'order', 'neworder()', 1),
(367, 27, 293, 'private', 0, 0, 'lineitems', 'list<lineitem>', 'newarraylist<lineitem>()', 1),
(368, 27, 294, 'private', 0, 0, 'orderid', 'int', '1', 1),
(369, 27, 294, 'private', 0, 0, 'order', 'order', 'neworder()', 1),
(370, 27, 294, 'private', 0, 0, 'lineitems', 'list<lineitem>', 'newarraylist<lineitem>()', 1),
(371, 27, 294, 'private', 0, 0, 'item', 'lineitem', 'newlineitem()', 1),
(372, 27, 294, 'private', 0, 0, 'itemid', 'string', '\"abc\"', 1),
(373, 27, 294, 'private', 0, 0, 'expectedorder', 'order', 'orderservice.getorder(orderid)', 1),
(374, 10, 178, 'private', 0, 0, 'username', 'string', '', 2),
(375, 10, 178, 'private', 0, 0, 'password', 'string', '', 2),
(376, 10, 178, 'private', 0, 0, 'account', 'account', '', 2),
(377, 10, 178, 'private', 0, 0, 'account', 'account', '', 2),
(378, 10, 178, 'private', 0, 0, 'account', 'account', '', 2),
(379, 10, 178, 'private', 0, 0, 'account', 'account', '', 2),
(380, 10, 178, 'private', 0, 0, 'account', 'account', '', 2),
(381, 10, 178, 'private', 0, 0, 'account', 'account', '', 2),
(382, 11, 186, 'private', 0, 0, 'categoryid', 'string', '', 2),
(383, 12, 188, 'private', 0, 0, 'itemid', 'string', '', 2),
(384, 12, 188, 'private', 0, 0, 'productid', 'string', '', 2),
(385, 12, 188, 'private', 0, 0, 'itemid', 'string', '', 2),
(386, 13, 192, 'private', 0, 0, 'lineitem', 'lineitem', '', 2),
(387, 14, 194, 'private', 0, 0, 'orderid', 'int', '', 2),
(388, 14, 194, 'private', 0, 0, 'order', 'order', '', 2),
(389, 14, 194, 'private', 0, 0, 'order', 'order', '', 2),
(390, 15, 198, 'private', 0, 0, 'productid', 'string', '', 2),
(391, 15, 198, 'private', 0, 0, 'keywords', 'string', '', 2),
(392, 16, 201, 'private', 0, 0, 'sequence', 'sequence', '', 2);

-- --------------------------------------------------------

--
-- Table structure for table `list_method`
--

DROP TABLE IF EXISTS `list_method`;
CREATE TABLE IF NOT EXISTS `list_method` (
  `method_id` int(11) NOT NULL AUTO_INCREMENT,
  `method_class_id` int(11) NOT NULL,
  `method_name` varchar(200) CHARACTER SET utf8 NOT NULL,
  `method_visibility` varchar(100) CHARACTER SET utf8 NOT NULL DEFAULT 'public',
  `method_is_abstract` tinyint(1) NOT NULL DEFAULT '0',
  `method_is_static` tinyint(1) NOT NULL DEFAULT '0',
  `method_is_final` tinyint(1) NOT NULL DEFAULT '0',
  `parameter_list` varchar(2000) CHARACTER SET utf8 DEFAULT NULL,
  `parameters_name` varchar(1000) CHARACTER SET utf8 DEFAULT NULL,
  `method_output_type` varchar(100) CHARACTER SET utf8 NOT NULL,
  `method_type` int(11) NOT NULL DEFAULT '0',
  `calling_methods` varchar(400) CHARACTER SET utf8 NOT NULL,
  `num_of_iterations` int(11) NOT NULL DEFAULT '0',
  `num_of_selections` int(11) NOT NULL DEFAULT '0',
  `num_of_declarations` int(11) NOT NULL DEFAULT '0',
  `num_of_jumps` int(11) NOT NULL DEFAULT '0',
  `num_of_recalls` int(11) NOT NULL DEFAULT '0',
  `num_of_assignments` int(11) NOT NULL DEFAULT '0',
  `complexity` int(3) NOT NULL DEFAULT '0',
  `lines_of_code` int(10) DEFAULT NULL,
  `override` int(11) DEFAULT '0',
  PRIMARY KEY (`method_id`)
) ENGINE=MyISAM AUTO_INCREMENT=295 DEFAULT CHARSET=latin1;

--
-- Dumping data for table `list_method`
--

INSERT INTO `list_method` (`method_id`, `method_class_id`, `method_name`, `method_visibility`, `method_is_abstract`, `method_is_static`, `method_is_final`, `parameter_list`, `parameters_name`, `method_output_type`, `method_type`, `calling_methods`, `num_of_iterations`, `num_of_selections`, `num_of_declarations`, `num_of_jumps`, `num_of_recalls`, `num_of_assignments`, `complexity`, `lines_of_code`, `override`) VALUES
(1, 1, 'getusername', 'public', 0, 0, 0, '', '', 'string', 0, '', 0, 0, 0, 1, 0, 0, 0, 1, 0),
(2, 1, 'setusername', 'public', 0, 0, 0, 'string,', 'username,', 'void', 0, '', 0, 0, 0, 0, 0, 1, 0, 1, 0),
(3, 1, 'getpassword', 'public', 0, 0, 0, '', '', 'string', 0, '', 0, 0, 0, 1, 0, 0, 0, 1, 0),
(4, 1, 'setpassword', 'public', 0, 0, 0, 'string,', 'password,', 'void', 0, '', 0, 0, 0, 0, 0, 1, 0, 1, 0),
(5, 1, 'getemail', 'public', 0, 0, 0, '', '', 'string', 0, '', 0, 0, 0, 1, 0, 0, 0, 1, 0),
(6, 1, 'setemail', 'public', 0, 0, 0, 'string,', 'email,', 'void', 0, '', 0, 0, 0, 0, 0, 1, 0, 1, 0),
(7, 1, 'getfirstname', 'public', 0, 0, 0, '', '', 'string', 0, '', 0, 0, 0, 1, 0, 0, 0, 1, 0),
(8, 1, 'setfirstname', 'public', 0, 0, 0, 'string,', 'firstname,', 'void', 0, '', 0, 0, 0, 0, 0, 1, 0, 1, 0),
(9, 1, 'getlastname', 'public', 0, 0, 0, '', '', 'string', 0, '', 0, 0, 0, 1, 0, 0, 0, 1, 0),
(10, 1, 'setlastname', 'public', 0, 0, 0, 'string,', 'lastname,', 'void', 0, '', 0, 0, 0, 0, 0, 1, 0, 1, 0),
(11, 1, 'getstatus', 'public', 0, 0, 0, '', '', 'string', 0, '', 0, 0, 0, 1, 0, 0, 0, 1, 0),
(12, 1, 'setstatus', 'public', 0, 0, 0, 'string,', 'status,', 'void', 0, '', 0, 0, 0, 0, 0, 1, 0, 1, 0),
(13, 1, 'getaddress1', 'public', 0, 0, 0, '', '', 'string', 0, '', 0, 0, 0, 1, 0, 0, 0, 1, 0),
(14, 1, 'setaddress1', 'public', 0, 0, 0, 'string,', 'address1,', 'void', 0, '', 0, 0, 0, 0, 0, 1, 0, 1, 0),
(15, 1, 'getaddress2', 'public', 0, 0, 0, '', '', 'string', 0, '', 0, 0, 0, 1, 0, 0, 0, 1, 0),
(16, 1, 'setaddress2', 'public', 0, 0, 0, 'string,', 'address2,', 'void', 0, '', 0, 0, 0, 0, 0, 1, 0, 1, 0),
(17, 1, 'getcity', 'public', 0, 0, 0, '', '', 'string', 0, '', 0, 0, 0, 1, 0, 0, 0, 1, 0),
(18, 1, 'setcity', 'public', 0, 0, 0, 'string,', 'city,', 'void', 0, '', 0, 0, 0, 0, 0, 1, 0, 1, 0),
(19, 1, 'getstate', 'public', 0, 0, 0, '', '', 'string', 0, '', 0, 0, 0, 1, 0, 0, 0, 1, 0),
(20, 1, 'setstate', 'public', 0, 0, 0, 'string,', 'state,', 'void', 0, '', 0, 0, 0, 0, 0, 1, 0, 1, 0),
(21, 1, 'getzip', 'public', 0, 0, 0, '', '', 'string', 0, '', 0, 0, 0, 1, 0, 0, 0, 1, 0),
(22, 1, 'setzip', 'public', 0, 0, 0, 'string,', 'zip,', 'void', 0, '', 0, 0, 0, 0, 0, 1, 0, 1, 0),
(23, 1, 'getcountry', 'public', 0, 0, 0, '', '', 'string', 0, '', 0, 0, 0, 1, 0, 0, 0, 1, 0),
(24, 1, 'setcountry', 'public', 0, 0, 0, 'string,', 'country,', 'void', 0, '', 0, 0, 0, 0, 0, 1, 0, 1, 0),
(25, 1, 'getphone', 'public', 0, 0, 0, '', '', 'string', 0, '', 0, 0, 0, 1, 0, 0, 0, 1, 0),
(26, 1, 'setphone', 'public', 0, 0, 0, 'string,', 'phone,', 'void', 0, '', 0, 0, 0, 0, 0, 1, 0, 1, 0),
(27, 1, 'getfavouritecategoryid', 'public', 0, 0, 0, '', '', 'string', 0, '', 0, 0, 0, 1, 0, 0, 0, 1, 0),
(28, 1, 'setfavouritecategoryid', 'public', 0, 0, 0, 'string,', 'favouritecategoryid,', 'void', 0, '', 0, 0, 0, 0, 0, 1, 0, 1, 0),
(29, 1, 'getlanguagepreference', 'public', 0, 0, 0, '', '', 'string', 0, '', 0, 0, 0, 1, 0, 0, 0, 1, 0),
(30, 1, 'setlanguagepreference', 'public', 0, 0, 0, 'string,', 'languagepreference,', 'void', 0, '', 0, 0, 0, 0, 0, 1, 0, 1, 0),
(31, 1, 'islistoption', 'public', 0, 0, 0, '', '', 'boolean', 0, '', 0, 0, 0, 1, 0, 0, 0, 1, 0),
(32, 1, 'setlistoption', 'public', 0, 0, 0, 'boolean,', 'listoption,', 'void', 0, '', 0, 0, 0, 0, 0, 1, 0, 1, 0),
(33, 1, 'isbanneroption', 'public', 0, 0, 0, '', '', 'boolean', 0, '', 0, 0, 0, 1, 0, 0, 0, 1, 0),
(34, 1, 'setbanneroption', 'public', 0, 0, 0, 'boolean,', 'banneroption,', 'void', 0, '', 0, 0, 0, 0, 0, 1, 0, 1, 0),
(35, 1, 'getbannername', 'public', 0, 0, 0, '', '', 'string', 0, '', 0, 0, 0, 1, 0, 0, 0, 1, 0),
(36, 1, 'setbannername', 'public', 0, 0, 0, 'string,', 'bannername,', 'void', 0, '', 0, 0, 0, 0, 0, 1, 0, 1, 0),
(37, 2, 'getcartitems', 'public', 0, 0, 0, '', '', 'iterator<cartitem>', 0, '', 0, 0, 0, 1, 0, 0, 0, 1, 0),
(38, 2, 'getcartitemlist', 'public', 0, 0, 0, '', '', 'list<cartitem>', 0, '', 0, 0, 0, 1, 0, 0, 0, 1, 0),
(39, 2, 'getnumberofitems', 'public', 0, 0, 0, '', '', 'int', 0, '', 0, 0, 0, 1, 0, 0, 0, 1, 0),
(40, 2, 'getallcartitems', 'public', 0, 0, 0, '', '', 'iterator<cartitem>', 0, '', 0, 0, 0, 1, 0, 0, 0, 1, 0),
(41, 2, 'containsitemid', 'public', 0, 0, 0, 'string,', 'itemid,', 'boolean', 0, '', 0, 0, 0, 1, 0, 0, 0, 1, 0),
(42, 2, 'additem', 'public', 0, 0, 0, 'item,boolean,', 'item,isinstock,', 'void', 0, '', 0, 1, 1, 0, 0, 2, 0, 3, 0),
(43, 2, 'removeitembyid', 'public', 0, 0, 0, 'string,', 'itemid,', 'item', 0, '', 0, 1, 1, 2, 0, 1, 0, 4, 0),
(44, 2, 'incrementquantitybyitemid', 'public', 0, 0, 0, 'string,', 'itemid,', 'void', 0, '', 0, 0, 1, 0, 0, 1, 0, 1, 0),
(45, 2, 'setquantitybyitemid', 'public', 0, 0, 0, 'string,int,', 'itemid,quantity,', 'void', 0, '', 0, 0, 1, 0, 0, 1, 0, 1, 0),
(46, 2, 'getsubtotal', 'public', 0, 0, 0, '', '', 'bigdecimal', 0, '', 1, 0, 6, 1, 0, 7, 0, 9, 0),
(47, 3, 'isinstock', 'public', 0, 0, 0, '', '', 'boolean', 0, '', 0, 0, 0, 1, 0, 0, 0, 1, 0),
(48, 3, 'setinstock', 'public', 0, 0, 0, 'boolean,', 'instock,', 'void', 0, '', 0, 0, 0, 0, 0, 1, 0, 1, 0),
(49, 3, 'gettotal', 'public', 0, 0, 0, '', '', 'bigdecimal', 0, '', 0, 0, 0, 1, 0, 0, 0, 1, 0),
(50, 3, 'getitem', 'public', 0, 0, 0, '', '', 'item', 0, '', 0, 0, 0, 1, 0, 0, 0, 1, 0),
(51, 3, 'setitem', 'public', 0, 0, 0, 'item,', 'item,', 'void', 0, '', 0, 0, 0, 0, 0, 1, 0, 1, 0),
(52, 3, 'getquantity', 'public', 0, 0, 0, '', '', 'int', 0, '', 0, 0, 0, 1, 0, 0, 0, 1, 0),
(53, 3, 'setquantity', 'public', 0, 0, 0, 'int,', 'quantity,', 'void', 0, '', 0, 0, 0, 0, 0, 1, 0, 1, 0),
(54, 3, 'incrementquantity', 'public', 0, 0, 0, '', '', 'void', 0, '', 0, 0, 0, 0, 0, 1, 0, 1, 0),
(55, 3, 'calculatetotal', 'private', 0, 0, 0, '', '', 'void', 0, '', 0, 1, 0, 0, 0, 2, 0, 3, 0),
(56, 4, 'getcategoryid', 'public', 0, 0, 0, '', '', 'string', 0, '', 0, 0, 0, 1, 0, 0, 0, 1, 0),
(57, 4, 'setcategoryid', 'public', 0, 0, 0, 'string,', 'categoryid,', 'void', 0, '', 0, 0, 0, 0, 0, 1, 0, 1, 0),
(58, 4, 'getname', 'public', 0, 0, 0, '', '', 'string', 0, '', 0, 0, 0, 1, 0, 0, 0, 1, 0),
(59, 4, 'setname', 'public', 0, 0, 0, 'string,', 'name,', 'void', 0, '', 0, 0, 0, 0, 0, 1, 0, 1, 0),
(60, 4, 'getdescription', 'public', 0, 0, 0, '', '', 'string', 0, '', 0, 0, 0, 1, 0, 0, 0, 1, 0),
(61, 4, 'setdescription', 'public', 0, 0, 0, 'string,', 'description,', 'void', 0, '', 0, 0, 0, 0, 0, 1, 0, 1, 0),
(62, 4, 'tostring', 'public', 0, 0, 0, '', '', 'string', 0, '', 0, 0, 0, 1, 0, 0, 0, 1, 0),
(63, 5, 'getitemid', 'public', 0, 0, 0, '', '', 'string', 0, '', 0, 0, 0, 1, 0, 0, 0, 1, 0),
(64, 5, 'setitemid', 'public', 0, 0, 0, 'string,', 'itemid,', 'void', 0, '', 0, 0, 0, 0, 0, 1, 0, 1, 0),
(65, 5, 'getquantity', 'public', 0, 0, 0, '', '', 'int', 0, '', 0, 0, 0, 1, 0, 0, 0, 1, 0),
(66, 5, 'setquantity', 'public', 0, 0, 0, 'int,', 'quantity,', 'void', 0, '', 0, 0, 0, 0, 0, 1, 0, 1, 0),
(67, 5, 'getproduct', 'public', 0, 0, 0, '', '', 'product', 0, '', 0, 0, 0, 1, 0, 0, 0, 1, 0),
(68, 5, 'setproduct', 'public', 0, 0, 0, 'product,', 'product,', 'void', 0, '', 0, 0, 0, 0, 0, 1, 0, 1, 0),
(69, 5, 'getproductid', 'public', 0, 0, 0, '', '', 'string', 0, '', 0, 0, 0, 1, 0, 0, 0, 1, 0),
(70, 5, 'setproductid', 'public', 0, 0, 0, 'string,', 'productid,', 'void', 0, '', 0, 0, 0, 0, 0, 1, 0, 1, 0),
(71, 5, 'getsupplierid', 'public', 0, 0, 0, '', '', 'int', 0, '', 0, 0, 0, 1, 0, 0, 0, 1, 0),
(72, 5, 'setsupplierid', 'public', 0, 0, 0, 'int,', 'supplierid,', 'void', 0, '', 0, 0, 0, 0, 0, 1, 0, 1, 0),
(73, 5, 'getlistprice', 'public', 0, 0, 0, '', '', 'bigdecimal', 0, '', 0, 0, 0, 1, 0, 0, 0, 1, 0),
(74, 5, 'setlistprice', 'public', 0, 0, 0, 'bigdecimal,', 'listprice,', 'void', 0, '', 0, 0, 0, 0, 0, 1, 0, 1, 0),
(75, 5, 'getunitcost', 'public', 0, 0, 0, '', '', 'bigdecimal', 0, '', 0, 0, 0, 1, 0, 0, 0, 1, 0),
(76, 5, 'setunitcost', 'public', 0, 0, 0, 'bigdecimal,', 'unitcost,', 'void', 0, '', 0, 0, 0, 0, 0, 1, 0, 1, 0),
(77, 5, 'getstatus', 'public', 0, 0, 0, '', '', 'string', 0, '', 0, 0, 0, 1, 0, 0, 0, 1, 0),
(78, 5, 'setstatus', 'public', 0, 0, 0, 'string,', 'status,', 'void', 0, '', 0, 0, 0, 0, 0, 1, 0, 1, 0),
(79, 5, 'getattribute1', 'public', 0, 0, 0, '', '', 'string', 0, '', 0, 0, 0, 1, 0, 0, 0, 1, 0),
(80, 5, 'setattribute1', 'public', 0, 0, 0, 'string,', 'attribute1,', 'void', 0, '', 0, 0, 0, 0, 0, 1, 0, 1, 0),
(81, 5, 'getattribute2', 'public', 0, 0, 0, '', '', 'string', 0, '', 0, 0, 0, 1, 0, 0, 0, 1, 0),
(82, 5, 'setattribute2', 'public', 0, 0, 0, 'string,', 'attribute2,', 'void', 0, '', 0, 0, 0, 0, 0, 1, 0, 1, 0),
(83, 5, 'getattribute3', 'public', 0, 0, 0, '', '', 'string', 0, '', 0, 0, 0, 1, 0, 0, 0, 1, 0),
(84, 5, 'setattribute3', 'public', 0, 0, 0, 'string,', 'attribute3,', 'void', 0, '', 0, 0, 0, 0, 0, 1, 0, 1, 0),
(85, 5, 'getattribute4', 'public', 0, 0, 0, '', '', 'string', 0, '', 0, 0, 0, 1, 0, 0, 0, 1, 0),
(86, 5, 'setattribute4', 'public', 0, 0, 0, 'string,', 'attribute4,', 'void', 0, '', 0, 0, 0, 0, 0, 1, 0, 1, 0),
(87, 5, 'getattribute5', 'public', 0, 0, 0, '', '', 'string', 0, '', 0, 0, 0, 1, 0, 0, 0, 1, 0),
(88, 5, 'setattribute5', 'public', 0, 0, 0, 'string,', 'attribute5,', 'void', 0, '', 0, 0, 0, 0, 0, 1, 0, 1, 0),
(89, 5, 'tostring', 'public', 0, 0, 0, '', '', 'string', 0, '', 0, 0, 0, 1, 0, 0, 0, 1, 0),
(90, 6, 'lineitem', 'public', 0, 0, 0, '', '', 'lineitem', 1, '', 0, 0, 0, 0, 0, 0, 0, 0, 0),
(91, 6, 'lineitem', 'public', 0, 0, 0, 'int,cartitem,', 'linenumber,cartitem,', 'lineitem', 1, '', 0, 0, 0, 0, 0, 5, 0, 5, 0),
(92, 6, 'getorderid', 'public', 0, 0, 0, '', '', 'int', 0, '', 0, 0, 0, 1, 0, 0, 0, 1, 0),
(93, 6, 'setorderid', 'public', 0, 0, 0, 'int,', 'orderid,', 'void', 0, '', 0, 0, 0, 0, 0, 1, 0, 1, 0),
(94, 6, 'getlinenumber', 'public', 0, 0, 0, '', '', 'int', 0, '', 0, 0, 0, 1, 0, 0, 0, 1, 0),
(95, 6, 'setlinenumber', 'public', 0, 0, 0, 'int,', 'linenumber,', 'void', 0, '', 0, 0, 0, 0, 0, 1, 0, 1, 0),
(96, 6, 'getitemid', 'public', 0, 0, 0, '', '', 'string', 0, '', 0, 0, 0, 1, 0, 0, 0, 1, 0),
(97, 6, 'setitemid', 'public', 0, 0, 0, 'string,', 'itemid,', 'void', 0, '', 0, 0, 0, 0, 0, 1, 0, 1, 0),
(98, 6, 'getunitprice', 'public', 0, 0, 0, '', '', 'bigdecimal', 0, '', 0, 0, 0, 1, 0, 0, 0, 1, 0),
(99, 6, 'setunitprice', 'public', 0, 0, 0, 'bigdecimal,', 'unitprice,', 'void', 0, '', 0, 0, 0, 0, 0, 1, 0, 1, 0),
(100, 6, 'gettotal', 'public', 0, 0, 0, '', '', 'bigdecimal', 0, '', 0, 0, 0, 1, 0, 0, 0, 1, 0),
(101, 6, 'getitem', 'public', 0, 0, 0, '', '', 'item', 0, '', 0, 0, 0, 1, 0, 0, 0, 1, 0),
(102, 6, 'setitem', 'public', 0, 0, 0, 'item,', 'item,', 'void', 0, '', 0, 0, 0, 0, 0, 1, 0, 1, 0),
(103, 6, 'getquantity', 'public', 0, 0, 0, '', '', 'int', 0, '', 0, 0, 0, 1, 0, 0, 0, 1, 0),
(104, 6, 'setquantity', 'public', 0, 0, 0, 'int,', 'quantity,', 'void', 0, '', 0, 0, 0, 0, 0, 1, 0, 1, 0),
(105, 6, 'calculatetotal', 'private', 0, 0, 0, '', '', 'void', 0, '', 0, 1, 0, 0, 0, 2, 0, 3, 0),
(106, 7, 'getorderid', 'public', 0, 0, 0, '', '', 'int', 0, '', 0, 0, 0, 1, 0, 0, 0, 1, 0),
(107, 7, 'setorderid', 'public', 0, 0, 0, 'int,', 'orderid,', 'void', 0, '', 0, 0, 0, 0, 0, 1, 0, 1, 0),
(108, 7, 'getusername', 'public', 0, 0, 0, '', '', 'string', 0, '', 0, 0, 0, 1, 0, 0, 0, 1, 0),
(109, 7, 'setusername', 'public', 0, 0, 0, 'string,', 'username,', 'void', 0, '', 0, 0, 0, 0, 0, 1, 0, 1, 0),
(110, 7, 'getorderdate', 'public', 0, 0, 0, '', '', 'date', 0, '', 0, 0, 0, 1, 0, 0, 0, 1, 0),
(111, 7, 'setorderdate', 'public', 0, 0, 0, 'date,', 'orderdate,', 'void', 0, '', 0, 0, 0, 0, 0, 1, 0, 1, 0),
(112, 7, 'getshipaddress1', 'public', 0, 0, 0, '', '', 'string', 0, '', 0, 0, 0, 1, 0, 0, 0, 1, 0),
(113, 7, 'setshipaddress1', 'public', 0, 0, 0, 'string,', 'shipaddress1,', 'void', 0, '', 0, 0, 0, 0, 0, 1, 0, 1, 0),
(114, 7, 'getshipaddress2', 'public', 0, 0, 0, '', '', 'string', 0, '', 0, 0, 0, 1, 0, 0, 0, 1, 0),
(115, 7, 'setshipaddress2', 'public', 0, 0, 0, 'string,', 'shipaddress2,', 'void', 0, '', 0, 0, 0, 0, 0, 1, 0, 1, 0),
(116, 7, 'getshipcity', 'public', 0, 0, 0, '', '', 'string', 0, '', 0, 0, 0, 1, 0, 0, 0, 1, 0),
(117, 7, 'setshipcity', 'public', 0, 0, 0, 'string,', 'shipcity,', 'void', 0, '', 0, 0, 0, 0, 0, 1, 0, 1, 0),
(118, 7, 'getshipstate', 'public', 0, 0, 0, '', '', 'string', 0, '', 0, 0, 0, 1, 0, 0, 0, 1, 0),
(119, 7, 'setshipstate', 'public', 0, 0, 0, 'string,', 'shipstate,', 'void', 0, '', 0, 0, 0, 0, 0, 1, 0, 1, 0),
(120, 7, 'getshipzip', 'public', 0, 0, 0, '', '', 'string', 0, '', 0, 0, 0, 1, 0, 0, 0, 1, 0),
(121, 7, 'setshipzip', 'public', 0, 0, 0, 'string,', 'shipzip,', 'void', 0, '', 0, 0, 0, 0, 0, 1, 0, 1, 0),
(122, 7, 'getshipcountry', 'public', 0, 0, 0, '', '', 'string', 0, '', 0, 0, 0, 1, 0, 0, 0, 1, 0),
(123, 7, 'setshipcountry', 'public', 0, 0, 0, 'string,', 'shipcountry,', 'void', 0, '', 0, 0, 0, 0, 0, 1, 0, 1, 0),
(124, 7, 'getbilladdress1', 'public', 0, 0, 0, '', '', 'string', 0, '', 0, 0, 0, 1, 0, 0, 0, 1, 0),
(125, 7, 'setbilladdress1', 'public', 0, 0, 0, 'string,', 'billaddress1,', 'void', 0, '', 0, 0, 0, 0, 0, 1, 0, 1, 0),
(126, 7, 'getbilladdress2', 'public', 0, 0, 0, '', '', 'string', 0, '', 0, 0, 0, 1, 0, 0, 0, 1, 0),
(127, 7, 'setbilladdress2', 'public', 0, 0, 0, 'string,', 'billaddress2,', 'void', 0, '', 0, 0, 0, 0, 0, 1, 0, 1, 0),
(128, 7, 'getbillcity', 'public', 0, 0, 0, '', '', 'string', 0, '', 0, 0, 0, 1, 0, 0, 0, 1, 0),
(129, 7, 'setbillcity', 'public', 0, 0, 0, 'string,', 'billcity,', 'void', 0, '', 0, 0, 0, 0, 0, 1, 0, 1, 0),
(130, 7, 'getbillstate', 'public', 0, 0, 0, '', '', 'string', 0, '', 0, 0, 0, 1, 0, 0, 0, 1, 0),
(131, 7, 'setbillstate', 'public', 0, 0, 0, 'string,', 'billstate,', 'void', 0, '', 0, 0, 0, 0, 0, 1, 0, 1, 0),
(132, 7, 'getbillzip', 'public', 0, 0, 0, '', '', 'string', 0, '', 0, 0, 0, 1, 0, 0, 0, 1, 0),
(133, 7, 'setbillzip', 'public', 0, 0, 0, 'string,', 'billzip,', 'void', 0, '', 0, 0, 0, 0, 0, 1, 0, 1, 0),
(134, 7, 'getbillcountry', 'public', 0, 0, 0, '', '', 'string', 0, '', 0, 0, 0, 1, 0, 0, 0, 1, 0),
(135, 7, 'setbillcountry', 'public', 0, 0, 0, 'string,', 'billcountry,', 'void', 0, '', 0, 0, 0, 0, 0, 1, 0, 1, 0),
(136, 7, 'getcourier', 'public', 0, 0, 0, '', '', 'string', 0, '', 0, 0, 0, 1, 0, 0, 0, 1, 0),
(137, 7, 'setcourier', 'public', 0, 0, 0, 'string,', 'courier,', 'void', 0, '', 0, 0, 0, 0, 0, 1, 0, 1, 0),
(138, 7, 'gettotalprice', 'public', 0, 0, 0, '', '', 'bigdecimal', 0, '', 0, 0, 0, 1, 0, 0, 0, 1, 0),
(139, 7, 'settotalprice', 'public', 0, 0, 0, 'bigdecimal,', 'totalprice,', 'void', 0, '', 0, 0, 0, 0, 0, 1, 0, 1, 0),
(140, 7, 'getbilltofirstname', 'public', 0, 0, 0, '', '', 'string', 0, '', 0, 0, 0, 1, 0, 0, 0, 1, 0),
(141, 7, 'setbilltofirstname', 'public', 0, 0, 0, 'string,', 'billtofirstname,', 'void', 0, '', 0, 0, 0, 0, 0, 1, 0, 1, 0),
(142, 7, 'getbilltolastname', 'public', 0, 0, 0, '', '', 'string', 0, '', 0, 0, 0, 1, 0, 0, 0, 1, 0),
(143, 7, 'setbilltolastname', 'public', 0, 0, 0, 'string,', 'billtolastname,', 'void', 0, '', 0, 0, 0, 0, 0, 1, 0, 1, 0),
(144, 7, 'getshiptofirstname', 'public', 0, 0, 0, '', '', 'string', 0, '', 0, 0, 0, 1, 0, 0, 0, 1, 0),
(145, 7, 'setshiptofirstname', 'public', 0, 0, 0, 'string,', 'shipfofirstname,', 'void', 0, '', 0, 0, 0, 0, 0, 1, 0, 1, 0),
(146, 7, 'getshiptolastname', 'public', 0, 0, 0, '', '', 'string', 0, '', 0, 0, 0, 1, 0, 0, 0, 1, 0),
(147, 7, 'setshiptolastname', 'public', 0, 0, 0, 'string,', 'shiptolastname,', 'void', 0, '', 0, 0, 0, 0, 0, 1, 0, 1, 0),
(148, 7, 'getcreditcard', 'public', 0, 0, 0, '', '', 'string', 0, '', 0, 0, 0, 1, 0, 0, 0, 1, 0),
(149, 7, 'setcreditcard', 'public', 0, 0, 0, 'string,', 'creditcard,', 'void', 0, '', 0, 0, 0, 0, 0, 1, 0, 1, 0),
(150, 7, 'getexpirydate', 'public', 0, 0, 0, '', '', 'string', 0, '', 0, 0, 0, 1, 0, 0, 0, 1, 0),
(151, 7, 'setexpirydate', 'public', 0, 0, 0, 'string,', 'expirydate,', 'void', 0, '', 0, 0, 0, 0, 0, 1, 0, 1, 0),
(152, 7, 'getcardtype', 'public', 0, 0, 0, '', '', 'string', 0, '', 0, 0, 0, 1, 0, 0, 0, 1, 0),
(153, 7, 'setcardtype', 'public', 0, 0, 0, 'string,', 'cardtype,', 'void', 0, '', 0, 0, 0, 0, 0, 1, 0, 1, 0),
(154, 7, 'getlocale', 'public', 0, 0, 0, '', '', 'string', 0, '', 0, 0, 0, 1, 0, 0, 0, 1, 0),
(155, 7, 'setlocale', 'public', 0, 0, 0, 'string,', 'locale,', 'void', 0, '', 0, 0, 0, 0, 0, 1, 0, 1, 0),
(156, 7, 'getstatus', 'public', 0, 0, 0, '', '', 'string', 0, '', 0, 0, 0, 1, 0, 0, 0, 1, 0),
(157, 7, 'setstatus', 'public', 0, 0, 0, 'string,', 'status,', 'void', 0, '', 0, 0, 0, 0, 0, 1, 0, 1, 0),
(158, 7, 'setlineitems', 'public', 0, 0, 0, 'list<lineitem>,', 'lineitems,', 'void', 0, '', 0, 0, 0, 0, 0, 1, 0, 1, 0),
(159, 7, 'getlineitems', 'public', 0, 0, 0, '', '', 'list<lineitem>', 0, '', 0, 0, 0, 1, 0, 0, 0, 1, 0),
(160, 7, 'initorder', 'public', 0, 0, 0, 'account,cart,', 'account,cart,', 'void', 0, '', 1, 0, 2, 0, 0, 27, 0, 28, 0),
(161, 7, 'addlineitem', 'public', 0, 0, 0, 'cartitem,', 'cartitem,', 'void', 0, '', 0, 0, 1, 0, 0, 1, 0, 1, 0),
(162, 7, 'addlineitem', 'public', 0, 0, 0, 'lineitem,', 'lineitem,', 'void', 0, '', 0, 0, 0, 0, 0, 0, 0, 0, 0),
(163, 8, 'getproductid', 'public', 0, 0, 0, '', '', 'string', 0, '', 0, 0, 0, 1, 0, 0, 0, 1, 0),
(164, 8, 'setproductid', 'public', 0, 0, 0, 'string,', 'productid,', 'void', 0, '', 0, 0, 0, 0, 0, 1, 0, 1, 0),
(165, 8, 'getcategoryid', 'public', 0, 0, 0, '', '', 'string', 0, '', 0, 0, 0, 1, 0, 0, 0, 1, 0),
(166, 8, 'setcategoryid', 'public', 0, 0, 0, 'string,', 'categoryid,', 'void', 0, '', 0, 0, 0, 0, 0, 1, 0, 1, 0),
(167, 8, 'getname', 'public', 0, 0, 0, '', '', 'string', 0, '', 0, 0, 0, 1, 0, 0, 0, 1, 0),
(168, 8, 'setname', 'public', 0, 0, 0, 'string,', 'name,', 'void', 0, '', 0, 0, 0, 0, 0, 1, 0, 1, 0),
(169, 8, 'getdescription', 'public', 0, 0, 0, '', '', 'string', 0, '', 0, 0, 0, 1, 0, 0, 0, 1, 0),
(170, 8, 'setdescription', 'public', 0, 0, 0, 'string,', 'description,', 'void', 0, '', 0, 0, 0, 0, 0, 1, 0, 1, 0),
(171, 8, 'tostring', 'public', 0, 0, 0, '', '', 'string', 0, '', 0, 0, 0, 1, 0, 0, 0, 1, 0),
(172, 9, 'sequence', 'public', 0, 0, 0, '', '', 'sequence', 1, '', 0, 0, 0, 0, 0, 0, 0, 0, 0),
(173, 9, 'sequence', 'public', 0, 0, 0, 'string,int,', 'name,nextid,', 'sequence', 1, '', 0, 0, 0, 0, 0, 2, 0, 2, 0),
(174, 9, 'getname', 'public', 0, 0, 0, '', '', 'string', 0, '', 0, 0, 0, 1, 0, 0, 0, 1, 0),
(175, 9, 'setname', 'public', 0, 0, 0, 'string,', 'name,', 'void', 0, '', 0, 0, 0, 0, 0, 1, 0, 1, 0),
(176, 9, 'getnextid', 'public', 0, 0, 0, '', '', 'int', 0, '', 0, 0, 0, 1, 0, 0, 0, 1, 0),
(177, 9, 'setnextid', 'public', 0, 0, 0, 'int,', 'nextid,', 'void', 0, '', 0, 0, 0, 0, 0, 1, 0, 1, 0),
(178, 10, 'getaccountbyusername', 'public', 0, 0, 0, 'string,', 'username,', 'account', 0, '', 0, 0, 0, 0, 0, 0, 0, NULL, 0),
(179, 10, 'getaccountbyusernameandpassword', 'public', 0, 0, 0, 'string,string,', 'username,password,', 'account', 188, '', 0, 0, 0, 0, 0, 0, 0, NULL, 0),
(180, 10, 'insertaccount', 'public', 0, 0, 0, 'account,', 'account,', 'void', 188, '', 0, 0, 0, 0, 0, 0, 0, NULL, 0),
(181, 10, 'insertprofile', 'public', 0, 0, 0, 'account,', 'account,', 'void', 188, '', 0, 0, 0, 0, 0, 0, 0, NULL, 0),
(182, 10, 'insertsignon', 'public', 0, 0, 0, 'account,', 'account,', 'void', 188, '', 0, 0, 0, 0, 0, 0, 0, NULL, 0),
(183, 10, 'updateaccount', 'public', 0, 0, 0, 'account,', 'account,', 'void', 188, '', 0, 0, 0, 0, 0, 0, 0, NULL, 0),
(184, 10, 'updateprofile', 'public', 0, 0, 0, 'account,', 'account,', 'void', 188, '', 0, 0, 0, 0, 0, 0, 0, NULL, 0),
(185, 10, 'updatesignon', 'public', 0, 0, 0, 'account,', 'account,', 'void', 188, '', 0, 0, 0, 0, 0, 0, 0, NULL, 0),
(186, 11, 'getcategorylist', 'public', 0, 0, 0, '', '', 'list<category>', 0, '', 0, 0, 0, 0, 0, 0, 0, NULL, 0),
(187, 11, 'getcategory', 'public', 0, 0, 0, 'string,', 'categoryid,', 'category', 196, '', 0, 0, 0, 0, 0, 0, 0, NULL, 0),
(188, 12, 'updateinventoryquantity', 'public', 0, 0, 0, 'map<string,object>,', 'param,', 'void', 0, '', 0, 0, 0, 0, 0, 0, 0, NULL, 0),
(189, 12, 'getinventoryquantity', 'public', 0, 0, 0, 'string,', 'itemid,', 'int', 198, '', 0, 0, 0, 0, 0, 0, 0, NULL, 0),
(190, 12, 'getitemlistbyproduct', 'public', 0, 0, 0, 'string,', 'productid,', 'list<item>', 198, '', 0, 0, 0, 0, 0, 0, 0, NULL, 0),
(191, 12, 'getitem', 'public', 0, 0, 0, 'string,', 'itemid,', 'item', 198, '', 0, 0, 0, 0, 0, 0, 0, NULL, 0),
(192, 13, 'getlineitemsbyorderid', 'public', 0, 0, 0, 'int,', 'orderid,', 'list<lineitem>', 0, '', 0, 0, 0, 0, 0, 0, 0, NULL, 0),
(193, 13, 'insertlineitem', 'public', 0, 0, 0, 'lineitem,', 'lineitem,', 'void', 202, '', 0, 0, 0, 0, 0, 0, 0, NULL, 0),
(194, 14, 'getordersbyusername', 'public', 0, 0, 0, 'string,', 'username,', 'list<order>', 0, '', 0, 0, 0, 0, 0, 0, 0, NULL, 0),
(195, 14, 'getorder', 'public', 0, 0, 0, 'int,', 'orderid,', 'order', 204, '', 0, 0, 0, 0, 0, 0, 0, NULL, 0),
(196, 14, 'insertorder', 'public', 0, 0, 0, 'order,', 'order,', 'void', 204, '', 0, 0, 0, 0, 0, 0, 0, NULL, 0),
(197, 14, 'insertorderstatus', 'public', 0, 0, 0, 'order,', 'order,', 'void', 204, '', 0, 0, 0, 0, 0, 0, 0, NULL, 0),
(198, 15, 'getproductlistbycategory', 'public', 0, 0, 0, 'string,', 'categoryid,', 'list<product>', 0, '', 0, 0, 0, 0, 0, 0, 0, NULL, 0),
(199, 15, 'getproduct', 'public', 0, 0, 0, 'string,', 'productid,', 'product', 208, '', 0, 0, 0, 0, 0, 0, 0, NULL, 0),
(200, 15, 'searchproductlist', 'public', 0, 0, 0, 'string,', 'keywords,', 'list<product>', 208, '', 0, 0, 0, 0, 0, 0, 0, NULL, 0),
(201, 16, 'getsequence', 'public', 0, 0, 0, 'sequence,', 'sequence,', 'sequence', 0, '', 0, 0, 0, 0, 0, 0, 0, NULL, 0),
(202, 16, 'updatesequence', 'public', 0, 0, 0, 'sequence,', 'sequence,', 'void', 211, '', 0, 0, 0, 0, 0, 0, 0, NULL, 0),
(203, 17, 'getaccount', 'public', 0, 0, 0, 'string,', 'username,', 'account', 0, '', 0, 0, 0, 1, 0, 0, 0, 1, 0),
(204, 17, 'getaccount', 'public', 0, 0, 0, 'string,string,', 'username,password,', 'account', 0, '', 0, 0, 0, 1, 0, 0, 0, 1, 0),
(205, 17, 'insertaccount', 'public', 0, 0, 0, 'account,', 'account,', 'void', 0, '', 0, 0, 0, 0, 0, 0, 0, 0, 0),
(206, 17, 'updateaccount', 'public', 0, 0, 0, 'account,', 'account,', 'void', 0, '', 0, 1, 0, 0, 0, 0, 0, 1, 0),
(207, 18, 'getcategorylist', 'public', 0, 0, 0, '', '', 'list<category>', 0, '', 0, 0, 0, 1, 0, 0, 0, 1, 0),
(208, 18, 'getcategory', 'public', 0, 0, 0, 'string,', 'categoryid,', 'category', 0, '', 0, 0, 0, 1, 0, 0, 0, 1, 0),
(209, 18, 'getproduct', 'public', 0, 0, 0, 'string,', 'productid,', 'product', 0, '', 0, 0, 0, 1, 0, 0, 0, 1, 0),
(210, 18, 'getproductlistbycategory', 'public', 0, 0, 0, 'string,', 'categoryid,', 'list<product>', 0, '', 0, 0, 0, 1, 0, 0, 0, 1, 0),
(211, 18, 'searchproductlist', 'public', 0, 0, 0, 'string,', 'keywords,', 'list<product>', 0, '', 1, 0, 1, 1, 0, 1, 0, 3, 0),
(212, 18, 'getitemlistbyproduct', 'public', 0, 0, 0, 'string,', 'productid,', 'list<item>', 0, '', 0, 0, 0, 1, 0, 0, 0, 1, 0),
(213, 18, 'getitem', 'public', 0, 0, 0, 'string,', 'itemid,', 'item', 0, '', 0, 0, 0, 1, 0, 0, 0, 1, 0),
(214, 18, 'isiteminstock', 'public', 0, 0, 0, 'string,', 'itemid,', 'boolean', 0, '', 0, 0, 0, 1, 0, 0, 0, 1, 0),
(215, 19, 'insertorder', 'public', 0, 0, 0, 'order,', 'order,', 'void', 0, '', 2, 0, 7, 0, 0, 9, 0, 7, 0),
(216, 19, 'getorder', 'public', 0, 0, 0, 'int,', 'orderid,', 'order', 0, '', 1, 0, 4, 1, 0, 5, 0, 5, 0),
(217, 19, 'getordersbyusername', 'public', 0, 0, 0, 'string,', 'username,', 'list<order>', 0, '', 0, 0, 0, 1, 0, 0, 0, 1, 0),
(218, 19, 'getnextid', 'public', 0, 0, 0, 'string,', 'name,', 'int', 0, '', 0, 1, 2, 2, 0, 3, 0, 6, 0),
(219, 20, 'setmessage', 'protected', 0, 0, 0, 'string,', 'value,', 'void', 0, '', 0, 0, 0, 0, 0, 0, 0, 0, 0),
(220, 20, 'getcontext', 'public', 0, 0, 0, '', '', 'actionbeancontext', 0, '', 0, 0, 0, 1, 0, 0, 0, 1, 0),
(221, 20, 'setcontext', 'public', 0, 0, 0, 'actionbeancontext,', 'context,', 'void', 0, '', 0, 0, 0, 0, 0, 1, 0, 1, 0),
(222, 21, 'getaccount', 'public', 0, 0, 0, '', '', 'account', 0, '', 0, 0, 0, 1, 0, 0, 0, 1, 0),
(223, 21, 'getusername', 'public', 0, 0, 0, '', '', 'string', 0, '', 0, 0, 0, 1, 0, 0, 0, 1, 0),
(224, 21, 'setusername', 'public', 0, 0, 0, 'string,', 'username,', 'void', 0, '', 0, 0, 0, 0, 0, 0, 0, 0, 0),
(225, 21, 'getpassword', 'public', 0, 0, 0, '', '', 'string', 0, '', 0, 0, 0, 1, 0, 0, 0, 1, 0),
(226, 21, 'setpassword', 'public', 0, 0, 0, 'string,', 'password,', 'void', 0, '', 0, 0, 0, 0, 0, 0, 0, 0, 0),
(227, 21, 'getmylist', 'public', 0, 0, 0, '', '', 'list<product>', 0, '', 0, 0, 0, 1, 0, 0, 0, 1, 0),
(228, 21, 'setmylist', 'public', 0, 0, 0, 'list<product>,', 'mylist,', 'void', 0, '', 0, 0, 0, 0, 0, 1, 0, 1, 0),
(229, 21, 'getlanguages', 'public', 0, 0, 0, '', '', 'list<string>', 0, '', 0, 0, 0, 1, 0, 0, 0, 1, 0),
(230, 21, 'getcategories', 'public', 0, 0, 0, '', '', 'list<string>', 0, '', 0, 0, 0, 1, 0, 0, 0, 1, 0),
(231, 21, 'newaccountform', 'public', 0, 0, 0, '', '', 'resolution', 0, '', 0, 0, 0, 1, 0, 0, 0, 1, 0),
(232, 21, 'newaccount', 'public', 0, 0, 0, '', '', 'resolution', 0, '', 0, 0, 0, 1, 0, 3, 0, 4, 0),
(233, 21, 'editaccountform', 'public', 0, 0, 0, '', '', 'resolution', 0, '', 0, 0, 0, 1, 0, 0, 0, 1, 0),
(234, 21, 'editaccount', 'public', 0, 0, 0, '', '', 'resolution', 0, '', 0, 0, 0, 1, 0, 2, 0, 3, 0),
(235, 21, 'signonform', 'public', 0, 0, 0, '', '', 'resolution', 0, '', 0, 0, 0, 1, 0, 0, 0, 1, 0),
(236, 21, 'signon', 'public', 0, 0, 0, '', '', 'resolution', 0, '', 0, 1, 2, 2, 0, 5, 0, 8, 0),
(237, 21, 'signoff', 'public', 0, 0, 0, '', '', 'resolution', 0, '', 0, 0, 0, 1, 0, 0, 0, 1, 0),
(238, 21, 'isauthenticated', 'public', 0, 0, 0, '', '', 'boolean', 0, '', 0, 0, 0, 1, 0, 0, 0, 1, 0),
(239, 21, 'clear', 'public', 0, 0, 0, '', '', 'void', 0, '', 0, 0, 0, 0, 0, 3, 0, 3, 0),
(240, 22, 'getcart', 'public', 0, 0, 0, '', '', 'cart', 0, '', 0, 0, 0, 1, 0, 0, 0, 1, 0),
(241, 22, 'setcart', 'public', 0, 0, 0, 'cart,', 'cart,', 'void', 0, '', 0, 0, 0, 0, 0, 1, 0, 1, 0),
(242, 22, 'setworkingitemid', 'public', 0, 0, 0, 'string,', 'workingitemid,', 'void', 0, '', 0, 0, 0, 0, 0, 1, 0, 1, 0),
(243, 22, 'additemtocart', 'public', 0, 0, 0, '', '', 'resolution', 0, '', 0, 1, 2, 1, 0, 2, 0, 4, 0),
(244, 22, 'removeitemfromcart', 'public', 0, 0, 0, '', '', 'resolution', 0, '', 0, 1, 1, 2, 0, 1, 0, 4, 0),
(245, 22, 'updatecartquantities', 'public', 0, 0, 0, '', '', 'resolution', 0, '', 1, 3, 5, 1, 0, 5, 0, 10, 0),
(246, 22, 'viewcart', 'public', 0, 0, 0, '', '', 'forwardresolution', 0, '', 0, 0, 0, 1, 0, 0, 0, 1, 0),
(247, 22, 'checkout', 'public', 0, 0, 0, '', '', 'forwardresolution', 0, '', 0, 0, 0, 1, 0, 0, 0, 1, 0),
(248, 22, 'clear', 'public', 0, 0, 0, '', '', 'void', 0, '', 0, 0, 0, 0, 0, 2, 0, 2, 0),
(249, 23, 'getkeyword', 'public', 0, 0, 0, '', '', 'string', 0, '', 0, 0, 0, 1, 0, 0, 0, 1, 0),
(250, 23, 'setkeyword', 'public', 0, 0, 0, 'string,', 'keyword,', 'void', 0, '', 0, 0, 0, 0, 0, 1, 0, 1, 0),
(251, 23, 'getcategoryid', 'public', 0, 0, 0, '', '', 'string', 0, '', 0, 0, 0, 1, 0, 0, 0, 1, 0),
(252, 23, 'setcategoryid', 'public', 0, 0, 0, 'string,', 'categoryid,', 'void', 0, '', 0, 0, 0, 0, 0, 1, 0, 1, 0),
(253, 23, 'getproductid', 'public', 0, 0, 0, '', '', 'string', 0, '', 0, 0, 0, 1, 0, 0, 0, 1, 0),
(254, 23, 'setproductid', 'public', 0, 0, 0, 'string,', 'productid,', 'void', 0, '', 0, 0, 0, 0, 0, 1, 0, 1, 0),
(255, 23, 'getitemid', 'public', 0, 0, 0, '', '', 'string', 0, '', 0, 0, 0, 1, 0, 0, 0, 1, 0),
(256, 23, 'setitemid', 'public', 0, 0, 0, 'string,', 'itemid,', 'void', 0, '', 0, 0, 0, 0, 0, 1, 0, 1, 0),
(257, 23, 'getcategory', 'public', 0, 0, 0, '', '', 'category', 0, '', 0, 0, 0, 1, 0, 0, 0, 1, 0),
(258, 23, 'setcategory', 'public', 0, 0, 0, 'category,', 'category,', 'void', 0, '', 0, 0, 0, 0, 0, 1, 0, 1, 0),
(259, 23, 'getproduct', 'public', 0, 0, 0, '', '', 'product', 0, '', 0, 0, 0, 1, 0, 0, 0, 1, 0),
(260, 23, 'setproduct', 'public', 0, 0, 0, 'product,', 'product,', 'void', 0, '', 0, 0, 0, 0, 0, 1, 0, 1, 0),
(261, 23, 'getitem', 'public', 0, 0, 0, '', '', 'item', 0, '', 0, 0, 0, 1, 0, 0, 0, 1, 0),
(262, 23, 'setitem', 'public', 0, 0, 0, 'item,', 'item,', 'void', 0, '', 0, 0, 0, 0, 0, 1, 0, 1, 0),
(263, 23, 'getcategorylist', 'public', 0, 0, 0, '', '', 'list<category>', 0, '', 0, 0, 0, 1, 0, 0, 0, 1, 0),
(264, 23, 'setcategorylist', 'public', 0, 0, 0, 'list<category>,', 'categorylist,', 'void', 0, '', 0, 0, 0, 0, 0, 1, 0, 1, 0),
(265, 23, 'getproductlist', 'public', 0, 0, 0, '', '', 'list<product>', 0, '', 0, 0, 0, 1, 0, 0, 0, 1, 0),
(266, 23, 'setproductlist', 'public', 0, 0, 0, 'list<product>,', 'productlist,', 'void', 0, '', 0, 0, 0, 0, 0, 1, 0, 1, 0),
(267, 23, 'getitemlist', 'public', 0, 0, 0, '', '', 'list<item>', 0, '', 0, 0, 0, 1, 0, 0, 0, 1, 0),
(268, 23, 'setitemlist', 'public', 0, 0, 0, 'list<item>,', 'itemlist,', 'void', 0, '', 0, 0, 0, 0, 0, 1, 0, 1, 0),
(269, 23, 'viewmain', 'public', 0, 0, 0, '', '', 'forwardresolution', 0, '', 0, 0, 0, 1, 0, 0, 0, 1, 0),
(270, 23, 'viewcategory', 'public', 0, 0, 0, '', '', 'forwardresolution', 0, '', 0, 1, 0, 1, 0, 2, 0, 4, 0),
(271, 23, 'viewproduct', 'public', 0, 0, 0, '', '', 'forwardresolution', 0, '', 0, 1, 0, 1, 0, 2, 0, 4, 0),
(272, 23, 'viewitem', 'public', 0, 0, 0, '', '', 'forwardresolution', 0, '', 0, 0, 0, 1, 0, 2, 0, 3, 0),
(273, 23, 'searchproducts', 'public', 0, 0, 0, '', '', 'forwardresolution', 0, '', 0, 1, 0, 2, 0, 1, 0, 4, 0),
(274, 23, 'clear', 'public', 0, 0, 0, '', '', 'void', 0, '', 0, 0, 0, 0, 0, 10, 0, 10, 0),
(275, 24, 'getorderid', 'public', 0, 0, 0, '', '', 'int', 0, '', 0, 0, 0, 1, 0, 0, 0, 1, 0),
(276, 24, 'setorderid', 'public', 0, 0, 0, 'int,', 'orderid,', 'void', 0, '', 0, 0, 0, 0, 0, 0, 0, 0, 0),
(277, 24, 'getorder', 'public', 0, 0, 0, '', '', 'order', 0, '', 0, 0, 0, 1, 0, 0, 0, 1, 0),
(278, 24, 'setorder', 'public', 0, 0, 0, 'order,', 'order,', 'void', 0, '', 0, 0, 0, 0, 0, 1, 0, 1, 0),
(279, 24, 'isshippingaddressrequired', 'public', 0, 0, 0, '', '', 'boolean', 0, '', 0, 0, 0, 1, 0, 0, 0, 1, 0),
(280, 24, 'setshippingaddressrequired', 'public', 0, 0, 0, 'boolean,', 'shippingaddressrequired,', 'void', 0, '', 0, 0, 0, 0, 0, 1, 0, 1, 0),
(281, 24, 'isconfirmed', 'public', 0, 0, 0, '', '', 'boolean', 0, '', 0, 0, 0, 1, 0, 0, 0, 1, 0),
(282, 24, 'setconfirmed', 'public', 0, 0, 0, 'boolean,', 'confirmed,', 'void', 0, '', 0, 0, 0, 0, 0, 1, 0, 1, 0),
(283, 24, 'getcreditcardtypes', 'public', 0, 0, 0, '', '', 'list<string>', 0, '', 0, 0, 0, 1, 0, 0, 0, 1, 0),
(284, 24, 'getorderlist', 'public', 0, 0, 0, '', '', 'list<order>', 0, '', 0, 0, 0, 1, 0, 0, 0, 1, 0),
(285, 24, 'listorders', 'public', 0, 0, 0, '', '', 'resolution', 0, '', 0, 0, 2, 1, 0, 3, 0, 4, 0),
(286, 24, 'neworderform', 'public', 0, 0, 0, '', '', 'resolution', 0, '', 0, 2, 3, 3, 0, 3, 0, 8, 0),
(287, 24, 'neworder', 'public', 0, 0, 0, '', '', 'resolution', 0, '', 0, 3, 2, 4, 0, 3, 0, 10, 0),
(288, 24, 'vieworder', 'public', 0, 0, 0, '', '', 'resolution', 0, '', 0, 1, 2, 2, 0, 4, 0, 7, 0),
(289, 24, 'clear', 'public', 0, 0, 0, '', '', 'void', 0, '', 0, 0, 0, 0, 0, 4, 0, 4, 0),
(290, 25, 'shouldcallthemappertoinsertanaccount', 'public', 0, 0, 0, '', '', 'void', 0, '', 0, 0, 1, 0, 0, 1, 0, 1, 0),
(291, 26, 'shouldcallthesearchmappertwice', 'public', 0, 0, 0, '', '', 'void', 0, '', 0, 0, 4, 0, 0, 4, 0, 4, 0),
(292, 27, 'setup', 'public', 0, 0, 0, '', '', 'void', 0, '', 0, 0, 0, 0, 0, 0, 0, 0, 0),
(293, 27, 'shouldreturnorderwhengivenorderidwithoutlineitems', 'public', 0, 0, 0, '', '', 'void', 0, '', 0, 0, 3, 0, 0, 3, 0, 3, 0),
(294, 27, 'shouldreturnorderwhengivenorderidexistedlineitems', 'public', 0, 0, 0, '', '', 'void', 0, '', 0, 0, 6, 0, 0, 6, 0, 6, 0);

-- --------------------------------------------------------

--
-- Table structure for table `list_package`
--

DROP TABLE IF EXISTS `list_package`;
CREATE TABLE IF NOT EXISTS `list_package` (
  `package_id` int(11) NOT NULL AUTO_INCREMENT,
  `package_name` varchar(100) NOT NULL,
  `class_list` varchar(2000) CHARACTER SET utf8 DEFAULT NULL,
  PRIMARY KEY (`package_id`)
) ENGINE=MyISAM AUTO_INCREMENT=5 DEFAULT CHARSET=latin1;

--
-- Dumping data for table `list_package`
--

INSERT INTO `list_package` (`package_id`, `package_name`, `class_list`) VALUES
(1, 'org.mybatis.jpetstore.domain', 'null,1,2,3,4,5,6,7,8,9'),
(2, 'org.mybatis.jpetstore.mapper', 'null,10,11,12,13,14,15,16'),
(3, 'org.mybatis.jpetstore.service', 'null,17,18,19,25,26,27'),
(4, 'org.mybatis.jpetstore.web.actions', 'null,20,21,22,23,24');

-- --------------------------------------------------------

--
-- Table structure for table `method_calls`
--

DROP TABLE IF EXISTS `method_calls`;
CREATE TABLE IF NOT EXISTS `method_calls` (
  `call_id` int(11) NOT NULL AUTO_INCREMENT,
  `class_id` int(11) NOT NULL,
  `method_id` int(11) NOT NULL,
  `method_calls` varchar(200) CHARACTER SET utf8 DEFAULT NULL,
  `field_name` varchar(200) CHARACTER SET utf8 NOT NULL,
  `last_define` varchar(200) CHARACTER SET utf8 DEFAULT NULL,
  `block_id` int(11) NOT NULL,
  `parameters` varchar(1000) CHARACTER SET utf8 DEFAULT NULL,
  `stmt_number` int(10) DEFAULT NULL,
  `if_else_block_id` int(10) DEFAULT NULL,
  `case_id` int(10) DEFAULT NULL,
  `field_id` int(11) DEFAULT NULL,
  PRIMARY KEY (`call_id`)
) ENGINE=MyISAM AUTO_INCREMENT=247 DEFAULT CHARSET=latin1;

--
-- Dumping data for table `method_calls`
--

INSERT INTO `method_calls` (`call_id`, `class_id`, `method_id`, `method_calls`, `field_name`, `last_define`, `block_id`, `parameters`, `stmt_number`, `if_else_block_id`, `case_id`, `field_id`) VALUES
(18, 2, 46, 'getallcartitems,', 'selfInvoc', 'items', 49, '', 2, 0, 0, NULL),
(25, 3, 51, 'calculatetotal,', 'selfInvoc', 'this.item', 55, '', 2, 0, 0, NULL),
(26, 3, 53, 'calculatetotal,', 'selfInvoc', 'this.quantity', 57, '', 2, 0, 0, NULL),
(27, 3, 54, 'calculatetotal,', 'selfInvoc', 'quantity', 58, '', 2, 0, 0, NULL),
(30, 4, 62, 'getcategoryid,', 'selfInvoc', '', 68, '', 1, 0, 0, NULL),
(32, 5, 89, 'getitemid,', 'selfInvoc', '', 95, '', 1, 0, 0, NULL),
(33, 5, 89, 'getproductid,', 'selfInvoc', '', 95, '', 1, 0, 0, NULL),
(38, 6, 102, 'calculatetotal,', 'selfInvoc', 'this.item', 108, '', 2, 0, 0, NULL),
(39, 6, 104, 'calculatetotal,', 'selfInvoc', 'this.quantity', 110, '', 2, 0, 0, NULL),
(61, 7, 160, 'addlineitem,', 'selfInvoc', 'cartitem', 169, 'cartitem,', 29, 0, 0, NULL),
(62, 7, 161, 'addlineitem,', 'selfInvoc', 'lineitem', 170, 'lineitem,', 2, 0, 0, NULL),
(65, 8, 171, 'getname,', 'selfInvoc', '', 180, '', 1, 0, 0, NULL),
(85, 19, 215, 'getnextid,', 'selfInvoc', '', 201, '\"ordernum\",', 1, 0, 0, NULL),
(135, 21, 236, 'getusername,', 'selfInvoc', 'account', 227, '', 1, 0, 0, NULL),
(136, 21, 236, 'getpassword,', 'selfInvoc', 'account', 227, '', 1, 0, 0, NULL),
(137, 21, 236, 'setmessage,', 'selfInvoc', 'value', 228, 'value,', 4, 4, 0, NULL),
(138, 21, 236, 'clear,', 'selfInvoc', 'value', 228, '', 5, 4, 0, NULL),
(145, 21, 237, 'clear,', 'selfInvoc', '', 230, '', 2, 0, 0, NULL),
(152, 22, 244, 'setmessage,', 'selfInvoc', 'item', 240, '\"attempted to remove null cartitem from cart.\",', 3, 6, 0, NULL),
(154, 22, 245, 'getallcartitems,getcart,', 'selfInvoc', 'cartitems', 242, '', 2, 0, 0, NULL),
(158, 22, 245, 'setquantitybyitemid,getcart,', 'selfInvoc', 'quantity', 244, 'itemid,quantity,', 8, 0, 0, NULL),
(166, 23, 273, 'setmessage,', 'selfInvoc', '', 277, '\"please enter a keyword to search for, then press the search button.\",', 2, 7, 0, NULL),
(179, 24, 286, 'clear,', 'selfInvoc', 'cartbean', 292, '', 4, 0, 0, NULL),
(180, 24, 286, 'setmessage,', 'selfInvoc', 'cartbean', 293, '\"you must sign on before attempting to check out.  please sign on and try checking out again.\",', 6, 8, 0, NULL),
(184, 24, 286, 'setmessage,', 'selfInvoc', 'cartbean', 295, '\"an order could not be created because a cart could not be found.\",', 10, 9, 0, NULL),
(188, 24, 287, 'setmessage,', 'selfInvoc', 'cartbean', 299, '\"thank you, your order has been submitted.\",', 9, 12, 0, NULL),
(189, 24, 287, 'setmessage,', 'selfInvoc', 'cartbean', 300, '\"an error occurred processing your order (order was null).\",', 11, 12, 0, NULL),
(195, 24, 288, 'setmessage,', 'selfInvoc', 'order', 303, '\"you may only view your own orders.\",', 7, 13, 0, NULL),
(197, 25, 290, 'insertaccount,verify,', 'selfInvoc', 'account', 305, 'eq(account),', 3, 0, 0, NULL),
(198, 25, 290, 'eq,', 'selfInvoc', 'account', 305, 'account,', 3, 0, 0, NULL),
(199, 25, 290, 'insertprofile,verify,', 'selfInvoc', 'account', 305, 'eq(account),', 4, 0, 0, NULL),
(200, 25, 290, 'eq,', 'selfInvoc', 'account', 305, 'account,', 4, 0, 0, NULL),
(201, 25, 290, 'insertsignon,verify,', 'selfInvoc', 'account', 305, 'eq(account),', 5, 0, 0, NULL),
(202, 25, 290, 'eq,', 'selfInvoc', 'account', 305, 'account,', 5, 0, 0, NULL),
(205, 26, 291, 'thenreturn,when,', 'selfInvoc', 'l2', 306, 'l1,', 6, 0, 0, NULL),
(207, 26, 291, 'thenreturn,when,', 'selfInvoc', 'l2', 306, 'l2,', 7, 0, 0, NULL),
(210, 26, 291, 'assertequals,', 'selfInvoc', 'r', 306, '2,r.size(),', 9, 0, 0, NULL),
(212, 26, 291, 'assertsame,', 'selfInvoc', 'r', 306, 'r.get(0),l1.get(0),', 10, 0, 0, NULL),
(215, 26, 291, 'assertsame,', 'selfInvoc', 'r', 306, 'r.get(1),l2.get(0),', 11, 0, 0, NULL),
(218, 27, 293, 'thenreturn,when,', 'selfInvoc', 'lineitems', 308, 'order,', 4, 0, 0, NULL),
(220, 27, 293, 'thenreturn,when,', 'selfInvoc', 'lineitems', 308, 'lineitems,', 5, 0, 0, NULL),
(222, 27, 293, 'assertthat,', 'selfInvoc', 'lineitems', 308, 'orderservice.getorder(orderid),is(order),', 6, 0, 0, NULL),
(224, 27, 293, 'is,', 'selfInvoc', 'lineitems', 308, 'order,', 6, 0, 0, NULL),
(225, 27, 293, 'assertthat,', 'selfInvoc', 'lineitems', 308, 'orderservice.getorder(orderid).getlineitems().size(),is(0),', 7, 0, 0, NULL),
(227, 27, 293, 'is,', 'selfInvoc', 'lineitems', 308, '0,', 7, 0, 0, NULL),
(230, 27, 294, 'thenreturn,when,', 'selfInvoc', 'itemid', 309, 'order,', 8, 0, 0, NULL),
(232, 27, 294, 'thenreturn,when,', 'selfInvoc', 'itemid', 309, 'lineitems,', 9, 0, 0, NULL),
(234, 27, 294, 'thenreturn,when,', 'selfInvoc', 'itemid', 309, 'newitem(),', 10, 0, 0, NULL),
(236, 27, 294, 'thenreturn,when,', 'selfInvoc', 'itemid', 309, 'newinteger(5),', 11, 0, 0, NULL),
(239, 27, 294, 'assertthat,', 'selfInvoc', 'expectedorder', 309, 'expectedorder,is(order),', 13, 0, 0, NULL),
(240, 27, 294, 'is,', 'selfInvoc', 'expectedorder', 309, 'order,', 13, 0, 0, NULL),
(241, 27, 294, 'assertthat,', 'selfInvoc', 'expectedorder', 309, 'expectedorder.getlineitems().size(),is(1),', 14, 0, 0, NULL),
(243, 27, 294, 'is,', 'selfInvoc', 'expectedorder', 309, '1,', 14, 0, 0, NULL),
(244, 27, 294, 'assertthat,', 'selfInvoc', 'expectedorder', 309, 'expectedorder.getlineitems().get(0).getitem().getquantity(),is(5),', 15, 0, 0, NULL),
(246, 27, 294, 'is,', 'selfInvoc', 'expectedorder', 309, '5,', 15, 0, 0, NULL);

-- --------------------------------------------------------

--
-- Table structure for table `method_calls_copy`
--

DROP TABLE IF EXISTS `method_calls_copy`;
CREATE TABLE IF NOT EXISTS `method_calls_copy` (
  `c_call_id` int(11) NOT NULL AUTO_INCREMENT,
  `class_id` int(11) NOT NULL,
  `method_id` int(11) NOT NULL,
  `method_calls` varchar(200) CHARACTER SET utf8 DEFAULT NULL,
  `field_name` varchar(200) CHARACTER SET utf8 DEFAULT NULL,
  `last_define` varchar(200) CHARACTER SET utf8 DEFAULT NULL,
  `block_id` int(11) NOT NULL,
  `is_statement` int(10) DEFAULT NULL,
  `if_else_block_id` int(10) DEFAULT NULL,
  `case_id` int(10) DEFAULT NULL,
  PRIMARY KEY (`c_call_id`)
) ENGINE=MyISAM AUTO_INCREMENT=247 DEFAULT CHARSET=latin1;

--
-- Dumping data for table `method_calls_copy`
--

INSERT INTO `method_calls_copy` (`c_call_id`, `class_id`, `method_id`, `method_calls`, `field_name`, `last_define`, `block_id`, `is_statement`, `if_else_block_id`, `case_id`) VALUES
(1, 2, 0, 'synchronizedmap,', 'collections', 'itemmap', 0, 0, 0, 0),
(2, 2, 37, 'iterator,', 'itemlist', '', 37, 0, 0, 0),
(3, 2, 39, 'size,', 'itemlist', '', 39, 0, 0, 0),
(4, 2, 40, 'iterator,', 'itemlist', '', 40, 0, 0, 0),
(5, 2, 41, 'containskey,', 'itemmap', '', 41, 0, 0, 0),
(6, 2, 42, 'getitemid,', 'item', 'cartitem', 42, 0, 0, 0),
(7, 2, 42, 'setitem,', 'cartitem', 'cartitem', 43, 1, 0, 0),
(8, 2, 42, 'setquantity,', 'cartitem', 'cartitem', 43, 1, 0, 0),
(9, 2, 42, 'setinstock,', 'cartitem', 'cartitem', 43, 1, 0, 0),
(10, 2, 42, 'put,', 'itemmap', 'cartitem', 43, 1, 0, 0),
(11, 2, 42, 'getitemid,', 'item', 'cartitem', 43, 0, 0, 0),
(12, 2, 42, 'add,', 'itemlist', 'cartitem', 43, 1, 0, 0),
(13, 2, 42, 'incrementquantity,', 'cartitem', 'cartitem', 42, 1, 0, 0),
(14, 2, 43, 'remove,', 'itemlist', 'cartitem', 46, 1, 1, 0),
(15, 2, 43, 'getitem,', 'cartitem', 'cartitem', 46, 0, 1, 0),
(16, 2, 44, 'incrementquantity,', 'cartitem', 'cartitem', 47, 1, 0, 0),
(17, 2, 45, 'setquantity,', 'cartitem', 'cartitem', 48, 1, 0, 0),
(18, 2, 46, 'getallcartitems,', 'selfInvoc', 'items', 49, 0, 0, 0),
(19, 2, 46, 'hasnext,', 'items', 'items', 49, 0, 0, 0),
(20, 2, 46, 'getitem,', 'cartitem', 'item', 50, 0, 0, 0),
(21, 2, 46, 'getlistprice,', 'item', 'listprice', 50, 0, 0, 0),
(22, 2, 46, 'getquantity,', 'cartitem', 'quantity', 50, 0, 0, 0),
(23, 2, 46, 'add,', 'subtotal', 'subtotal', 50, 0, 0, 0),
(24, 2, 46, 'multiply,', 'listprice', 'subtotal', 50, 0, 0, 0),
(25, 3, 51, 'calculatetotal,', 'selfInvoc', 'this.item', 55, 1, 0, 0),
(26, 3, 53, 'calculatetotal,', 'selfInvoc', 'this.quantity', 57, 1, 0, 0),
(27, 3, 54, 'calculatetotal,', 'selfInvoc', 'quantity', 58, 1, 0, 0),
(28, 3, 55, 'multiply,getlistprice,', 'item', 'total', 60, 0, 2, 0),
(29, 4, 57, 'trim,', 'categoryid', 'this.categoryid', 63, 0, 0, 0),
(30, 4, 62, 'getcategoryid,', 'selfInvoc', '', 68, 0, 0, 0),
(31, 5, 64, 'trim,', 'itemid', 'this.itemid', 70, 0, 0, 0),
(32, 5, 89, 'getitemid,', 'selfInvoc', '', 95, 0, 0, 0),
(33, 5, 89, 'getproductid,', 'selfInvoc', '', 95, 0, 0, 0),
(34, 6, 91, 'getquantity,', 'cartitem', 'this.quantity', 97, 0, 0, 0),
(35, 6, 91, 'getitemid,getitem,', 'cartitem', 'this.itemid', 97, 0, 0, 0),
(36, 6, 91, 'getlistprice,getitem,', 'cartitem', 'this.unitprice', 97, 0, 0, 0),
(37, 6, 91, 'getitem,', 'cartitem', 'this.item', 97, 0, 0, 0),
(38, 6, 102, 'calculatetotal,', 'selfInvoc', 'this.item', 108, 1, 0, 0),
(39, 6, 104, 'calculatetotal,', 'selfInvoc', 'this.quantity', 110, 1, 0, 0),
(40, 6, 105, 'multiply,getlistprice,', 'item', 'total', 112, 0, 3, 0),
(41, 7, 160, 'getusername,', 'account', 'username', 168, 0, 0, 0),
(42, 7, 160, 'getfirstname,', 'account', 'shiptofirstname', 168, 0, 0, 0),
(43, 7, 160, 'getlastname,', 'account', 'shiptolastname', 168, 0, 0, 0),
(44, 7, 160, 'getaddress1,', 'account', 'shipaddress1', 168, 0, 0, 0),
(45, 7, 160, 'getaddress2,', 'account', 'shipaddress2', 168, 0, 0, 0),
(46, 7, 160, 'getcity,', 'account', 'shipcity', 168, 0, 0, 0),
(47, 7, 160, 'getstate,', 'account', 'shipstate', 168, 0, 0, 0),
(48, 7, 160, 'getzip,', 'account', 'shipzip', 168, 0, 0, 0),
(49, 7, 160, 'getcountry,', 'account', 'shipcountry', 168, 0, 0, 0),
(50, 7, 160, 'getfirstname,', 'account', 'billtofirstname', 168, 0, 0, 0),
(51, 7, 160, 'getlastname,', 'account', 'billtolastname', 168, 0, 0, 0),
(52, 7, 160, 'getaddress1,', 'account', 'billaddress1', 168, 0, 0, 0),
(53, 7, 160, 'getaddress2,', 'account', 'billaddress2', 168, 0, 0, 0),
(54, 7, 160, 'getcity,', 'account', 'billcity', 168, 0, 0, 0),
(55, 7, 160, 'getstate,', 'account', 'billstate', 168, 0, 0, 0),
(56, 7, 160, 'getzip,', 'account', 'billzip', 168, 0, 0, 0),
(57, 7, 160, 'getcountry,', 'account', 'billcountry', 168, 0, 0, 0),
(58, 7, 160, 'getsubtotal,', 'cart', 'totalprice', 168, 0, 0, 0),
(59, 7, 160, 'getallcartitems,', 'cart', 'i', 168, 0, 0, 0),
(60, 7, 160, 'hasnext,', 'i', 'i', 168, 0, 0, 0),
(61, 7, 160, 'addlineitem,', 'selfInvoc', 'cartitem', 169, 1, 0, 0),
(62, 7, 161, 'addlineitem,', 'selfInvoc', 'lineitem', 170, 1, 0, 0),
(63, 7, 162, 'add,', 'lineitems', '', 171, 1, 0, 0),
(64, 8, 164, 'trim,', 'productid', 'this.productid', 173, 0, 0, 0),
(65, 8, 171, 'getname,', 'selfInvoc', '', 180, 0, 0, 0),
(66, 17, 203, 'getaccountbyusername,', 'accountmapper', '', 187, 0, 0, 0),
(67, 17, 204, 'getaccountbyusernameandpassword,', 'accountmapper', '', 188, 0, 0, 0),
(68, 17, 205, 'insertaccount,', 'accountmapper', '', 189, 1, 0, 0),
(69, 17, 205, 'insertprofile,', 'accountmapper', '', 189, 1, 0, 0),
(70, 17, 205, 'insertsignon,', 'accountmapper', '', 189, 1, 0, 0),
(71, 17, 206, 'updateaccount,', 'accountmapper', '', 190, 1, 0, 0),
(72, 17, 206, 'updateprofile,', 'accountmapper', '', 190, 1, 0, 0),
(73, 17, 206, 'updatesignon,', 'accountmapper', '', 191, 1, 0, 0),
(74, 18, 207, 'getcategorylist,', 'categorymapper', '', 192, 0, 0, 0),
(75, 18, 208, 'getcategory,', 'categorymapper', '', 193, 0, 0, 0),
(76, 18, 209, 'getproduct,', 'productmapper', '', 194, 0, 0, 0),
(77, 18, 210, 'getproductlistbycategory,', 'productmapper', '', 195, 0, 0, 0),
(78, 18, 211, 'split,', 'keywords', 'products', 196, 0, 0, 0),
(79, 18, 211, 'addall,', 'products', 'products', 197, 1, 0, 0),
(80, 18, 211, 'searchproductlist,', 'productmapper', 'products', 197, 0, 0, 0),
(81, 18, 211, 'tolowercase,', 'keyword', 'products', 197, 0, 0, 0),
(82, 18, 212, 'getitemlistbyproduct,', 'itemmapper', '', 198, 0, 0, 0),
(83, 18, 213, 'getitem,', 'itemmapper', '', 199, 0, 0, 0),
(84, 19, 215, 'setorderid,', 'order', '', 201, 1, 0, 0),
(85, 19, 215, 'getnextid,', 'selfInvoc', '', 201, 0, 0, 0),
(86, 19, 215, 'size,getlineitems,', 'order', 'i', 201, 0, 0, 0),
(87, 19, 215, 'getitemid,', 'lineitem', 'itemid', 202, 0, 0, 0),
(88, 19, 215, 'put,', 'param', 'param', 202, 1, 0, 0),
(89, 19, 215, 'put,', 'param', 'param', 202, 1, 0, 0),
(90, 19, 215, 'updateinventoryquantity,', 'itemmapper', 'param', 202, 1, 0, 0),
(91, 19, 215, 'insertorder,', 'ordermapper', 'param', 201, 1, 0, 0),
(92, 19, 215, 'insertorderstatus,', 'ordermapper', 'param', 201, 1, 0, 0),
(93, 19, 215, 'size,getlineitems,', 'order', 'i', 201, 0, 0, 0),
(94, 19, 215, 'setorderid,', 'lineitem', 'lineitem', 203, 1, 0, 0),
(95, 19, 215, 'getorderid,', 'order', 'lineitem', 203, 0, 0, 0),
(96, 19, 215, 'insertlineitem,', 'lineitemmapper', 'lineitem', 203, 1, 0, 0),
(97, 19, 216, 'getorder,', 'ordermapper', 'order', 204, 0, 0, 0),
(98, 19, 216, 'setlineitems,', 'order', 'order', 204, 1, 0, 0),
(99, 19, 216, 'getlineitemsbyorderid,', 'lineitemmapper', 'order', 204, 0, 0, 0),
(100, 19, 216, 'size,getlineitems,', 'order', 'i', 204, 0, 0, 0),
(101, 19, 216, 'getitem,', 'itemmapper', 'item', 205, 0, 0, 0),
(102, 19, 216, 'getitemid,', 'lineitem', 'item', 205, 0, 0, 0),
(103, 19, 216, 'setquantity,', 'item', 'item', 205, 1, 0, 0),
(104, 19, 216, 'getinventoryquantity,', 'itemmapper', 'item', 205, 0, 0, 0),
(105, 19, 216, 'getitemid,', 'lineitem', 'item', 205, 0, 0, 0),
(106, 19, 216, 'setitem,', 'lineitem', 'item', 205, 1, 0, 0),
(107, 19, 217, 'getordersbyusername,', 'ordermapper', '', 206, 0, 0, 0),
(108, 19, 218, 'updatesequence,', 'sequencemapper', 'parameterobject', 207, 1, 0, 0),
(109, 19, 218, 'getnextid,', 'sequence', 'parameterobject', 207, 0, 0, 0),
(110, 20, 219, 'add,getmessages,', 'context', '', 209, 1, 0, 0),
(111, 21, 0, 'add,', 'langlist', 'langlist', 212, 1, 0, 0),
(112, 21, 0, 'add,', 'langlist', 'langlist', 212, 1, 0, 0),
(113, 21, 0, 'unmodifiablelist,', 'collections', 'language_list', 212, 0, 0, 0),
(114, 21, 0, 'add,', 'catlist', 'catlist', 212, 1, 0, 0),
(115, 21, 0, 'add,', 'catlist', 'catlist', 212, 1, 0, 0),
(116, 21, 0, 'add,', 'catlist', 'catlist', 212, 1, 0, 0),
(117, 21, 0, 'add,', 'catlist', 'catlist', 212, 1, 0, 0),
(118, 21, 0, 'add,', 'catlist', 'catlist', 212, 1, 0, 0),
(119, 21, 0, 'unmodifiablelist,', 'collections', 'category_list', 212, 0, 0, 0),
(120, 21, 223, 'getusername,', 'account', '', 214, 0, 0, 0),
(121, 21, 224, 'setusername,', 'account', '', 215, 1, 0, 0),
(122, 21, 225, 'getpassword,', 'account', '', 216, 0, 0, 0),
(123, 21, 226, 'setpassword,', 'account', '', 217, 1, 0, 0),
(124, 21, 232, 'insertaccount,', 'accountservice', '', 223, 1, 0, 0),
(125, 21, 232, 'getaccount,', 'accountservice', 'account', 223, 0, 0, 0),
(126, 21, 232, 'getusername,', 'account', 'account', 223, 0, 0, 0),
(127, 21, 232, 'getproductlistbycategory,', 'catalogservice', 'mylist', 223, 0, 0, 0),
(128, 21, 232, 'getfavouritecategoryid,', 'account', 'mylist', 223, 0, 0, 0),
(129, 21, 234, 'updateaccount,', 'accountservice', '', 225, 1, 0, 0),
(130, 21, 234, 'getaccount,', 'accountservice', 'account', 225, 0, 0, 0),
(131, 21, 234, 'getusername,', 'account', 'account', 225, 0, 0, 0),
(132, 21, 234, 'getproductlistbycategory,', 'catalogservice', 'mylist', 225, 0, 0, 0),
(133, 21, 234, 'getfavouritecategoryid,', 'account', 'mylist', 225, 0, 0, 0),
(134, 21, 236, 'getaccount,', 'accountservice', 'account', 227, 0, 0, 0),
(135, 21, 236, 'getusername,', 'selfInvoc', 'account', 227, 0, 0, 0),
(136, 21, 236, 'getpassword,', 'selfInvoc', 'account', 227, 0, 0, 0),
(137, 21, 236, 'setmessage,', 'selfInvoc', 'value', 228, 1, 4, 0),
(138, 21, 236, 'clear,', 'selfInvoc', 'value', 228, 1, 4, 0),
(139, 21, 236, 'setpassword,', 'account', 'value', 229, 1, 4, 0),
(140, 21, 236, 'getproductlistbycategory,', 'catalogservice', 'mylist', 229, 0, 4, 0),
(141, 21, 236, 'getfavouritecategoryid,', 'account', 'mylist', 229, 0, 4, 0),
(142, 21, 236, 'getsession,getrequest,', 'context', 's', 229, 0, 4, 0),
(143, 21, 236, 'setattribute,', 's', 's', 229, 1, 4, 0),
(144, 21, 237, 'invalidate,getsession,getrequest,', 'context', '', 230, 1, 0, 0),
(145, 21, 237, 'clear,', 'selfInvoc', '', 230, 1, 0, 0),
(146, 22, 243, 'containsitemid,', 'cart', '', 236, 0, 5, 0),
(147, 22, 243, 'incrementquantitybyitemid,', 'cart', '', 237, 1, 5, 0),
(148, 22, 243, 'isiteminstock,', 'catalogservice', 'isinstock', 238, 0, 5, 0),
(149, 22, 243, 'getitem,', 'catalogservice', 'item', 238, 0, 5, 0),
(150, 22, 243, 'additem,', 'cart', 'item', 238, 1, 5, 0),
(151, 22, 244, 'removeitembyid,', 'cart', 'item', 239, 0, 0, 0),
(152, 22, 244, 'setmessage,', 'selfInvoc', 'item', 240, 1, 6, 0),
(153, 22, 245, 'getrequest,', 'context', 'request', 242, 0, 0, 0),
(154, 22, 245, 'getallcartitems,getcart,', 'selfInvoc', 'cartitems', 242, 0, 0, 0),
(155, 22, 245, 'hasnext,', 'cartitems', 'cartitems', 242, 0, 0, 0),
(156, 22, 245, 'getitemid,getitem,', 'cartitem', 'itemid', 243, 0, 0, 0),
(157, 22, 245, 'parseint,', 'integer', 'quantity', 244, 0, 0, 0),
(158, 22, 245, 'setquantitybyitemid,getcart,', 'selfInvoc', 'quantity', 244, 1, 0, 0),
(159, 22, 245, 'remove,', 'cartitems', 'quantity', 245, 1, 0, 0),
(160, 23, 270, 'getproductlistbycategory,', 'catalogservice', 'productlist', 272, 0, 0, 0),
(161, 23, 270, 'getcategory,', 'catalogservice', 'category', 272, 0, 0, 0),
(162, 23, 271, 'getitemlistbyproduct,', 'catalogservice', 'itemlist', 274, 0, 0, 0),
(163, 23, 271, 'getproduct,', 'catalogservice', 'product', 274, 0, 0, 0),
(164, 23, 272, 'getitem,', 'catalogservice', 'item', 275, 0, 0, 0),
(165, 23, 272, 'getproduct,', 'item', 'product', 275, 0, 0, 0),
(166, 23, 273, 'setmessage,', 'selfInvoc', '', 277, 1, 7, 0),
(167, 23, 273, 'searchproductlist,', 'catalogservice', 'productlist', 278, 0, 7, 0),
(168, 23, 273, 'tolowercase,', 'keyword', 'productlist', 278, 0, 7, 0),
(169, 24, 0, 'add,', 'cardlist', 'cardlist', 280, 1, 0, 0),
(170, 24, 0, 'add,', 'cardlist', 'cardlist', 280, 1, 0, 0),
(171, 24, 0, 'add,', 'cardlist', 'cardlist', 280, 1, 0, 0),
(172, 24, 0, 'unmodifiablelist,', 'collections', 'card_type_list', 280, 0, 0, 0),
(173, 24, 275, 'getorderid,', 'order', '', 281, 0, 0, 0),
(174, 24, 276, 'setorderid,', 'order', '', 282, 1, 0, 0),
(175, 24, 285, 'getsession,getrequest,', 'context', 'session', 291, 0, 0, 0),
(176, 24, 285, 'getordersbyusername,', 'orderservice', 'orderlist', 291, 0, 0, 0),
(177, 24, 285, 'getusername,getaccount,', 'accountbean', 'orderlist', 291, 0, 0, 0),
(178, 24, 286, 'getsession,getrequest,', 'context', 'session', 292, 0, 0, 0),
(179, 24, 286, 'clear,', 'selfInvoc', 'cartbean', 292, 1, 0, 0),
(180, 24, 286, 'setmessage,', 'selfInvoc', 'cartbean', 293, 1, 8, 0),
(181, 24, 286, 'initorder,', 'order', 'cartbean', 294, 1, 9, 0),
(182, 24, 286, 'getaccount,', 'accountbean', 'cartbean', 294, 0, 9, 0),
(183, 24, 286, 'getcart,', 'cartbean', 'cartbean', 294, 0, 9, 0),
(184, 24, 286, 'setmessage,', 'selfInvoc', 'cartbean', 295, 1, 9, 0),
(185, 24, 287, 'getsession,getrequest,', 'context', 'session', 296, 0, 0, 0),
(186, 24, 287, 'insertorder,', 'orderservice', 'shippingaddressrequired', 299, 1, 12, 0),
(187, 24, 287, 'clear,', 'cartbean', 'cartbean', 299, 1, 12, 0),
(188, 24, 287, 'setmessage,', 'selfInvoc', 'cartbean', 299, 1, 12, 0),
(189, 24, 287, 'setmessage,', 'selfInvoc', 'cartbean', 300, 1, 12, 0),
(190, 24, 288, 'getsession,getrequest,', 'context', 'session', 301, 0, 0, 0),
(191, 24, 288, 'getorder,', 'orderservice', 'order', 301, 0, 0, 0),
(192, 24, 288, 'getorderid,', 'order', 'order', 301, 0, 0, 0),
(193, 24, 288, 'equals,getusername,getaccount,', 'accountbean', 'order', 301, 0, 13, 0),
(194, 24, 288, 'getusername,', 'order', 'order', 301, 0, 13, 0),
(195, 24, 288, 'setmessage,', 'selfInvoc', 'order', 303, 1, 13, 0),
(196, 25, 290, 'insertaccount,', 'accountservice', 'account', 305, 1, 0, 0),
(197, 25, 290, 'insertaccount,verify,', 'selfInvoc', 'account', 305, 1, 0, 0),
(198, 25, 290, 'eq,', 'selfInvoc', 'account', 305, 0, 0, 0),
(199, 25, 290, 'insertprofile,verify,', 'selfInvoc', 'account', 305, 1, 0, 0),
(200, 25, 290, 'eq,', 'selfInvoc', 'account', 305, 0, 0, 0),
(201, 25, 290, 'insertsignon,verify,', 'selfInvoc', 'account', 305, 1, 0, 0),
(202, 25, 290, 'eq,', 'selfInvoc', 'account', 305, 0, 0, 0),
(203, 26, 291, 'add,', 'l1', 'l1', 306, 1, 0, 0),
(204, 26, 291, 'add,', 'l2', 'l2', 306, 1, 0, 0),
(205, 26, 291, 'thenreturn,when,', 'selfInvoc', 'l2', 306, 1, 0, 0),
(206, 26, 291, 'searchproductlist,', 'productmapper', 'l2', 306, 0, 0, 0),
(207, 26, 291, 'thenreturn,when,', 'selfInvoc', 'l2', 306, 1, 0, 0),
(208, 26, 291, 'searchproductlist,', 'productmapper', 'l2', 306, 0, 0, 0),
(209, 26, 291, 'searchproductlist,', 'catalogservice', 'r', 306, 0, 0, 0),
(210, 26, 291, 'assertequals,', 'selfInvoc', 'r', 306, 1, 0, 0),
(211, 26, 291, 'size,', 'r', 'r', 306, 0, 0, 0),
(212, 26, 291, 'assertsame,', 'selfInvoc', 'r', 306, 1, 0, 0),
(213, 26, 291, 'get,', 'r', 'r', 306, 0, 0, 0),
(214, 26, 291, 'get,', 'l1', 'r', 306, 0, 0, 0),
(215, 26, 291, 'assertsame,', 'selfInvoc', 'r', 306, 1, 0, 0),
(216, 26, 291, 'get,', 'r', 'r', 306, 0, 0, 0),
(217, 26, 291, 'get,', 'l2', 'r', 306, 0, 0, 0),
(218, 27, 293, 'thenreturn,when,', 'selfInvoc', 'lineitems', 308, 1, 0, 0),
(219, 27, 293, 'getorder,', 'ordermapper', 'lineitems', 308, 0, 0, 0),
(220, 27, 293, 'thenreturn,when,', 'selfInvoc', 'lineitems', 308, 1, 0, 0),
(221, 27, 293, 'getlineitemsbyorderid,', 'lineitemmapper', 'lineitems', 308, 0, 0, 0),
(222, 27, 293, 'assertthat,', 'selfInvoc', 'lineitems', 308, 1, 0, 0),
(223, 27, 293, 'getorder,', 'orderservice', 'lineitems', 308, 0, 0, 0),
(224, 27, 293, 'is,', 'selfInvoc', 'lineitems', 308, 0, 0, 0),
(225, 27, 293, 'assertthat,', 'selfInvoc', 'lineitems', 308, 1, 0, 0),
(226, 27, 293, 'size,getlineitems,getorder,', 'orderservice', 'lineitems', 308, 0, 0, 0),
(227, 27, 293, 'is,', 'selfInvoc', 'lineitems', 308, 0, 0, 0),
(228, 27, 294, 'setitemid,', 'item', 'itemid', 309, 1, 0, 0),
(229, 27, 294, 'add,', 'lineitems', 'itemid', 309, 1, 0, 0),
(230, 27, 294, 'thenreturn,when,', 'selfInvoc', 'itemid', 309, 1, 0, 0),
(231, 27, 294, 'getorder,', 'ordermapper', 'itemid', 309, 0, 0, 0),
(232, 27, 294, 'thenreturn,when,', 'selfInvoc', 'itemid', 309, 1, 0, 0),
(233, 27, 294, 'getlineitemsbyorderid,', 'lineitemmapper', 'itemid', 309, 0, 0, 0),
(234, 27, 294, 'thenreturn,when,', 'selfInvoc', 'itemid', 309, 1, 0, 0),
(235, 27, 294, 'getitem,', 'itemmapper', 'itemid', 309, 0, 0, 0),
(236, 27, 294, 'thenreturn,when,', 'selfInvoc', 'itemid', 309, 1, 0, 0),
(237, 27, 294, 'getinventoryquantity,', 'itemmapper', 'itemid', 309, 0, 0, 0),
(238, 27, 294, 'getorder,', 'orderservice', 'expectedorder', 309, 0, 0, 0),
(239, 27, 294, 'assertthat,', 'selfInvoc', 'expectedorder', 309, 1, 0, 0),
(240, 27, 294, 'is,', 'selfInvoc', 'expectedorder', 309, 0, 0, 0),
(241, 27, 294, 'assertthat,', 'selfInvoc', 'expectedorder', 309, 1, 0, 0),
(242, 27, 294, 'size,getlineitems,', 'expectedorder', 'expectedorder', 309, 0, 0, 0),
(243, 27, 294, 'is,', 'selfInvoc', 'expectedorder', 309, 0, 0, 0),
(244, 27, 294, 'assertthat,', 'selfInvoc', 'expectedorder', 309, 1, 0, 0),
(245, 27, 294, 'getquantity,getitem,get,getlineitems,', 'expectedorder', 'expectedorder', 309, 0, 0, 0),
(246, 27, 294, 'is,', 'selfInvoc', 'expectedorder', 309, 0, 0, 0);

-- --------------------------------------------------------

--
-- Table structure for table `method_class_relations`
--

DROP TABLE IF EXISTS `method_class_relations`;
CREATE TABLE IF NOT EXISTS `method_class_relations` (
  `mc_relation_id` int(11) NOT NULL AUTO_INCREMENT,
  `method_id` int(11) NOT NULL,
  `class_id` int(11) NOT NULL,
  `num_of_method_calls` int(11) NOT NULL,
  `weighted_method_calls` float DEFAULT NULL,
  `cohesion` int(11) DEFAULT NULL,
  PRIMARY KEY (`mc_relation_id`)
) ENGINE=MyISAM AUTO_INCREMENT=102 DEFAULT CHARSET=latin1;

--
-- Dumping data for table `method_class_relations`
--

INSERT INTO `method_class_relations` (`mc_relation_id`, `method_id`, `class_id`, `num_of_method_calls`, `weighted_method_calls`, `cohesion`) VALUES
(1, 42, 5, 1, 6.88, 6),
(2, 42, 3, 1, 13.76, 12),
(3, 43, 3, 1, 3.44, 3),
(4, 44, 3, 1, 3.44, 3),
(5, 45, 3, 1, 3.44, 3),
(6, 46, 2, 2, 9.8, 9),
(7, 46, 3, 1, 6.88, 6),
(8, 46, 5, 1, 3.44, 3),
(9, 51, 3, 2, 9.8, 9),
(10, 53, 3, 2, 9.8, 9),
(11, 54, 3, 2, 9.8, 9),
(12, 55, 5, 1, 3.2, 3),
(13, 62, 4, 2, 9.8, 9),
(14, 89, 5, 2, 19.6, 18),
(15, 91, 3, 1, 13.76, 12),
(16, 91, 5, 1, 6.88, 6),
(17, 102, 6, 2, 9.8, 9),
(18, 104, 6, 2, 9.8, 9),
(19, 105, 5, 1, 3.2, 3),
(20, 160, 1, 1, 58.48, 51),
(21, 160, 2, 1, 6.88, 6),
(22, 160, 7, 2, 9.8, 9),
(23, 161, 7, 2, 9.8, 9),
(24, 171, 8, 2, 9.8, 9),
(25, 203, 10, 1, 3.2, 3),
(26, 204, 10, 1, 3.2, 3),
(27, 205, 10, 1, 9.6, 9),
(28, 206, 10, 1, 9.6, 9),
(29, 207, 11, 1, 3.2, 3),
(30, 208, 11, 1, 3.2, 3),
(31, 209, 15, 1, 3.2, 3),
(32, 210, 15, 1, 3.2, 3),
(33, 211, 15, 1, 3.2, 3),
(34, 212, 12, 1, 3.2, 3),
(35, 213, 12, 1, 3.2, 3),
(36, 215, 7, 1, 13.76, 12),
(37, 215, 19, 2, 9.8, 9),
(38, 215, 6, 1, 6.88, 6),
(39, 215, 12, 1, 3.2, 3),
(40, 215, 14, 1, 6.4, 6),
(41, 215, 13, 1, 3.2, 3),
(42, 216, 14, 1, 3.2, 3),
(43, 216, 7, 1, 6.88, 6),
(44, 216, 13, 1, 3.2, 3),
(45, 216, 12, 1, 6.4, 6),
(46, 216, 6, 2, 10.32, 9),
(47, 216, 5, 1, 3.44, 3),
(48, 217, 14, 1, 3.2, 3),
(49, 218, 16, 1, 3.2, 3),
(50, 218, 9, 1, 3.44, 3),
(51, 223, 1, 1, 3.2, 3),
(52, 224, 1, 1, 3.2, 3),
(53, 225, 1, 1, 3.2, 3),
(54, 226, 1, 1, 3.2, 3),
(55, 232, 17, 1, 6.4, 6),
(56, 232, 1, 1, 6.4, 6),
(57, 232, 18, 1, 3.2, 3),
(58, 234, 17, 1, 6.4, 6),
(59, 234, 1, 1, 6.4, 6),
(60, 234, 18, 1, 3.2, 3),
(61, 236, 17, 1, 3.2, 3),
(62, 236, 21, 2, 29.4, 27),
(63, 236, 1, 1, 6.4, 6),
(64, 236, 18, 1, 3.2, 3),
(65, 237, 21, 2, 9.8, 9),
(66, 243, 2, 1, 9.6, 9),
(67, 243, 18, 1, 6.4, 6),
(68, 244, 2, 1, 3.2, 3),
(69, 245, 22, 2, 19.6, 18),
(70, 245, 3, 1, 3.44, 3),
(71, 245, 5, 1, 3.44, 3),
(72, 270, 18, 1, 6.4, 6),
(73, 271, 18, 1, 6.4, 6),
(74, 272, 18, 1, 3.2, 3),
(75, 272, 5, 1, 3.2, 3),
(76, 273, 18, 1, 3.2, 3),
(77, 275, 7, 1, 3.2, 3),
(78, 276, 7, 1, 3.2, 3),
(79, 285, 19, 1, 3.2, 3),
(80, 285, 21, 1, 3.44, 3),
(81, 286, 24, 2, 9.8, 9),
(82, 286, 7, 1, 3.2, 3),
(83, 286, 21, 1, 3.44, 3),
(84, 286, 22, 1, 3.44, 3),
(85, 287, 19, 1, 3.2, 3),
(86, 287, 22, 1, 3.44, 3),
(87, 288, 19, 1, 3.2, 3),
(88, 288, 7, 1, 6.4, 6),
(89, 288, 21, 1, 3.44, 3),
(90, 290, 17, 1, 3.2, 3),
(91, 291, 15, 2, 6.4, 6),
(92, 291, 18, 1, 3.2, 3),
(93, 293, 14, 1, 3.2, 3),
(94, 293, 13, 1, 3.2, 3),
(95, 293, 19, 2, 6.4, 6),
(96, 294, 6, 1, 3.44, 3),
(97, 294, 14, 1, 3.2, 3),
(98, 294, 13, 1, 3.2, 3),
(99, 294, 12, 1, 6.4, 6),
(100, 294, 19, 1, 3.2, 3),
(101, 294, 7, 2, 6.88, 6);

-- --------------------------------------------------------

--
-- Table structure for table `method_class_relations_attr`
--

DROP TABLE IF EXISTS `method_class_relations_attr`;
CREATE TABLE IF NOT EXISTS `method_class_relations_attr` (
  `mca_relation_id` int(11) NOT NULL AUTO_INCREMENT,
  `method_id` int(11) DEFAULT NULL,
  `class_id` int(11) DEFAULT NULL,
  `num_of_attr_calls` int(11) DEFAULT NULL,
  PRIMARY KEY (`mca_relation_id`)
) ENGINE=MyISAM AUTO_INCREMENT=97 DEFAULT CHARSET=latin1;

--
-- Dumping data for table `method_class_relations_attr`
--

INSERT INTO `method_class_relations_attr` (`mca_relation_id`, `method_id`, `class_id`, `num_of_attr_calls`) VALUES
(1, 2, 1, 3),
(2, 4, 1, 3),
(3, 6, 1, 3),
(4, 8, 1, 3),
(5, 10, 1, 3),
(6, 12, 1, 3),
(7, 14, 1, 3),
(8, 16, 1, 3),
(9, 18, 1, 3),
(10, 20, 1, 3),
(11, 22, 1, 3),
(12, 24, 1, 3),
(13, 26, 1, 3),
(14, 28, 1, 3),
(15, 30, 1, 3),
(16, 32, 1, 3),
(17, 34, 1, 3),
(18, 36, 1, 3),
(19, 48, 3, 3),
(20, 51, 3, 3),
(21, 53, 3, 3),
(22, 57, 4, 3),
(23, 59, 4, 3),
(24, 61, 4, 3),
(25, 64, 5, 3),
(26, 66, 5, 3),
(27, 68, 5, 3),
(28, 70, 5, 3),
(29, 72, 5, 3),
(30, 74, 5, 3),
(31, 76, 5, 3),
(32, 78, 5, 3),
(33, 80, 5, 3),
(34, 82, 5, 3),
(35, 84, 5, 3),
(36, 86, 5, 3),
(37, 88, 5, 3),
(38, 91, 6, 15),
(39, 93, 6, 3),
(40, 95, 6, 3),
(41, 97, 6, 3),
(42, 99, 6, 3),
(43, 102, 6, 3),
(44, 104, 6, 3),
(45, 107, 7, 3),
(46, 109, 7, 3),
(47, 111, 7, 3),
(48, 113, 7, 3),
(49, 115, 7, 3),
(50, 117, 7, 3),
(51, 119, 7, 3),
(52, 121, 7, 3),
(53, 123, 7, 3),
(54, 125, 7, 3),
(55, 127, 7, 3),
(56, 129, 7, 3),
(57, 131, 7, 3),
(58, 133, 7, 3),
(59, 135, 7, 3),
(60, 137, 7, 3),
(61, 139, 7, 3),
(62, 141, 7, 3),
(63, 143, 7, 3),
(64, 145, 7, 3),
(65, 147, 7, 3),
(66, 149, 7, 3),
(67, 151, 7, 3),
(68, 153, 7, 3),
(69, 155, 7, 3),
(70, 157, 7, 3),
(71, 158, 7, 3),
(72, 164, 8, 3),
(73, 166, 8, 3),
(74, 168, 8, 3),
(75, 170, 8, 3),
(76, 173, 9, 6),
(77, 175, 9, 3),
(78, 177, 9, 3),
(79, 221, 20, 3),
(80, 222, 21, 3),
(81, 228, 21, 3),
(82, 241, 22, 3),
(83, 242, 22, 3),
(84, 250, 23, 3),
(85, 252, 23, 3),
(86, 254, 23, 3),
(87, 256, 23, 3),
(88, 258, 23, 3),
(89, 260, 23, 3),
(90, 262, 23, 3),
(91, 264, 23, 3),
(92, 266, 23, 3),
(93, 268, 23, 3),
(94, 278, 24, 3),
(95, 280, 24, 3),
(96, 282, 24, 3);

-- --------------------------------------------------------

--
-- Table structure for table `method_expression`
--

DROP TABLE IF EXISTS `method_expression`;
CREATE TABLE IF NOT EXISTS `method_expression` (
  `expression_id` int(11) NOT NULL AUTO_INCREMENT,
  `expression_class_id` int(11) NOT NULL,
  `expression_method_id` int(11) NOT NULL,
  `expression_type` enum('invocation','creational','conditional') CHARACTER SET utf8 NOT NULL,
  `expression_first` varchar(200) CHARACTER SET utf8 NOT NULL,
  `expression_second` varchar(200) CHARACTER SET utf8 NOT NULL,
  PRIMARY KEY (`expression_id`)
) ENGINE=MyISAM AUTO_INCREMENT=69 DEFAULT CHARSET=latin1;

--
-- Dumping data for table `method_expression`
--

INSERT INTO `method_expression` (`expression_id`, `expression_class_id`, `expression_method_id`, `expression_type`, `expression_first`, `expression_second`) VALUES
(1, 2, 0, 'creational', 'new', 'hashmap<string,cartitem>()'),
(2, 2, 0, 'creational', 'new', 'arraylist<cartitem>()'),
(3, 2, 42, 'creational', 'new', 'cartitem()'),
(4, 2, 46, 'creational', 'new', 'bigdecimal(\"0\")'),
(5, 2, 46, 'creational', 'new', 'bigdecimal(string.valueof(cartitem.getquantity()))'),
(6, 3, 55, 'creational', 'new', 'bigdecimal(quantity)'),
(7, 6, 105, 'creational', 'new', 'bigdecimal(quantity)'),
(8, 7, 0, 'creational', 'new', 'arraylist<lineitem>()'),
(9, 7, 160, 'creational', 'new', 'date()'),
(10, 7, 161, 'creational', 'new', 'lineitem(lineitems.size()+1,cartitem)'),
(11, 18, 211, 'creational', 'new', 'arraylist<product>()'),
(12, 19, 215, 'creational', 'new', 'integer(lineitem.getquantity())'),
(13, 19, 215, 'creational', 'new', 'hashmap<string,object>(2)'),
(14, 19, 218, 'creational', 'new', 'sequence(name,-1)'),
(15, 19, 218, 'creational', 'new', 'runtimeexception(\"error: a null sequence was returned from the database (could not get next \"+name+\" sequence).\")'),
(16, 19, 218, 'creational', 'new', 'sequence(name,sequence.getnextid()+1)'),
(17, 20, 219, 'creational', 'new', 'simplemessage(value)'),
(18, 21, 0, 'creational', 'new', 'account()'),
(19, 21, 0, 'creational', 'new', 'arraylist<string>()'),
(20, 21, 0, 'creational', 'new', 'arraylist<string>()'),
(21, 21, 231, 'creational', 'new', 'forwardresolution(new_account)'),
(22, 21, 232, 'creational', 'new', 'redirectresolution(catalogactionbean.class)'),
(23, 21, 233, 'creational', 'new', 'forwardresolution(edit_account)'),
(24, 21, 234, 'creational', 'new', 'redirectresolution(catalogactionbean.class)'),
(25, 21, 235, 'creational', 'new', 'forwardresolution(signon)'),
(26, 21, 236, 'creational', 'new', 'forwardresolution(signon)'),
(27, 21, 236, 'creational', 'new', 'redirectresolution(catalogactionbean.class)'),
(28, 21, 237, 'creational', 'new', 'redirectresolution(catalogactionbean.class)'),
(29, 21, 239, 'creational', 'new', 'account()'),
(30, 22, 0, 'creational', 'new', 'cart()'),
(31, 22, 243, 'creational', 'new', 'forwardresolution(view_cart)'),
(32, 22, 244, 'creational', 'new', 'forwardresolution(error)'),
(33, 22, 244, 'creational', 'new', 'forwardresolution(view_cart)'),
(34, 22, 245, 'creational', 'new', 'forwardresolution(view_cart)'),
(35, 22, 246, 'creational', 'new', 'forwardresolution(view_cart)'),
(36, 22, 247, 'creational', 'new', 'forwardresolution(check_out)'),
(37, 22, 248, 'creational', 'new', 'cart()'),
(38, 23, 269, 'creational', 'new', 'forwardresolution(main)'),
(39, 23, 270, 'creational', 'new', 'forwardresolution(view_category)'),
(40, 23, 271, 'creational', 'new', 'forwardresolution(view_product)'),
(41, 23, 272, 'creational', 'new', 'forwardresolution(view_item)'),
(42, 23, 273, 'creational', 'new', 'forwardresolution(error)'),
(43, 23, 273, 'creational', 'new', 'forwardresolution(search_products)'),
(44, 24, 0, 'creational', 'new', 'order()'),
(45, 24, 0, 'creational', 'new', 'arraylist<string>()'),
(46, 24, 285, 'creational', 'new', 'forwardresolution(list_orders)'),
(47, 24, 286, 'creational', 'new', 'forwardresolution(accountactionbean.class)'),
(48, 24, 286, 'creational', 'new', 'forwardresolution(new_order)'),
(49, 24, 286, 'creational', 'new', 'forwardresolution(error)'),
(50, 24, 287, 'creational', 'new', 'forwardresolution(shipping)'),
(51, 24, 287, 'creational', 'new', 'forwardresolution(confirm_order)'),
(52, 24, 287, 'creational', 'new', 'forwardresolution(view_order)'),
(53, 24, 287, 'creational', 'new', 'forwardresolution(error)'),
(54, 24, 288, 'creational', 'new', 'forwardresolution(view_order)'),
(55, 24, 288, 'creational', 'new', 'forwardresolution(error)'),
(56, 24, 289, 'creational', 'new', 'order()'),
(57, 25, 290, 'creational', 'new', 'account()'),
(58, 26, 291, 'creational', 'new', 'arraylist<product>()'),
(59, 26, 291, 'creational', 'new', 'product()'),
(60, 26, 291, 'creational', 'new', 'arraylist<product>()'),
(61, 26, 291, 'creational', 'new', 'product()'),
(62, 27, 293, 'creational', 'new', 'order()'),
(63, 27, 293, 'creational', 'new', 'arraylist<lineitem>()'),
(64, 27, 294, 'creational', 'new', 'order()'),
(65, 27, 294, 'creational', 'new', 'arraylist<lineitem>()'),
(66, 27, 294, 'creational', 'new', 'lineitem()'),
(67, 27, 294, 'creational', 'new', 'item()'),
(68, 27, 294, 'creational', 'new', 'integer(5)');

-- --------------------------------------------------------

--
-- Table structure for table `method_method_relations`
--

DROP TABLE IF EXISTS `method_method_relations`;
CREATE TABLE IF NOT EXISTS `method_method_relations` (
  `mm_relation_id` int(11) NOT NULL AUTO_INCREMENT,
  `method_id` int(11) NOT NULL,
  `caller_class_id` int(11) DEFAULT NULL,
  `calling_method_id` int(11) NOT NULL,
  `calling_class_id` int(11) DEFAULT NULL,
  `num_of_method_calls` int(11) NOT NULL,
  `relation_type` varchar(100) CHARACTER SET utf8 DEFAULT NULL,
  `last_define` varchar(200) CHARACTER SET utf8 DEFAULT NULL,
  `block_id` int(11) NOT NULL DEFAULT '0',
  `parameters` varchar(1000) CHARACTER SET utf8 DEFAULT NULL,
  `stmt_number` int(11) DEFAULT NULL,
  `if_else_block_id` int(11) DEFAULT NULL,
  `case_block_id` int(11) DEFAULT NULL,
  PRIMARY KEY (`mm_relation_id`)
) ENGINE=MyISAM AUTO_INCREMENT=145 DEFAULT CHARSET=latin1;

--
-- Dumping data for table `method_method_relations`
--

INSERT INTO `method_method_relations` (`mm_relation_id`, `method_id`, `caller_class_id`, `calling_method_id`, `calling_class_id`, `num_of_method_calls`, `relation_type`, `last_define`, `block_id`, `parameters`, `stmt_number`, `if_else_block_id`, `case_block_id`) VALUES
(1, 42, 2, 63, 5, 1, 'dependency', 'cartitem', 42, '', 1, 0, 0),
(2, 42, 2, 51, 3, 1, 'dependency', 'cartitem', 43, 'item,', 4, 0, 0),
(3, 42, 2, 53, 3, 1, 'dependency', 'cartitem', 43, '0,', 5, 0, 0),
(4, 42, 2, 48, 3, 1, 'dependency', 'cartitem', 43, 'isinstock,', 6, 0, 0),
(5, 42, 2, 63, 5, 1, 'dependency', 'cartitem', 43, '', 7, 0, 0),
(6, 42, 2, 54, 3, 1, 'dependency', 'cartitem', 42, '', 9, 0, 0),
(7, 43, 2, 50, 3, 1, 'dependency', 'cartitem', 46, '', 5, 1, 0),
(8, 44, 2, 54, 3, 1, 'dependency', 'cartitem', 47, '', 2, 0, 0),
(9, 45, 2, 53, 3, 1, 'dependency', 'cartitem', 48, 'quantity,', 2, 0, 0),
(10, 46, 2, 40, 2, 4, '', 'items', 49, '', 2, 0, 0),
(11, 46, 2, 50, 3, 1, 'dependency', 'item', 50, '', 5, 0, 0),
(12, 46, 2, 73, 5, 1, 'dependency', 'listprice', 50, '', 6, 0, 0),
(13, 46, 2, 52, 3, 1, 'dependency', 'quantity', 50, '', 7, 0, 0),
(14, 51, 3, 55, 3, 4, '', 'this.item', 55, '', 2, 0, 0),
(15, 53, 3, 55, 3, 4, '', 'this.quantity', 57, '', 2, 0, 0),
(16, 54, 3, 55, 3, 4, '', 'quantity', 58, '', 2, 0, 0),
(17, 55, 3, 73, 5, 1, 'association', 'total', 60, 'newbigdecimal(quantity),', 2, 2, 0),
(18, 62, 4, 56, 4, 4, '', '', 68, '', 1, 0, 0),
(19, 89, 5, 63, 5, 4, '', '', 95, '', 1, 0, 0),
(20, 89, 5, 69, 5, 4, '', '', 95, '', 1, 0, 0),
(21, 91, 6, 52, 3, 1, 'dependency', 'this.quantity', 97, '', 2, 0, 0),
(22, 91, 6, 50, 3, 3, 'dependency', 'this.itemid', 97, '', 3, 0, 0),
(23, 91, 6, 63, 5, 1, 'dependency', 'this.itemid', 97, '', 3, 0, 0),
(24, 91, 6, 73, 5, 1, 'dependency', 'this.unitprice', 97, '', 4, 0, 0),
(25, 102, 6, 105, 6, 4, '', 'this.item', 108, '', 2, 0, 0),
(26, 104, 6, 105, 6, 4, '', 'this.quantity', 110, '', 2, 0, 0),
(27, 105, 6, 73, 5, 1, 'association', 'total', 112, 'newbigdecimal(quantity),', 2, 3, 0),
(28, 160, 7, 1, 1, 1, 'dependency', 'username', 168, '', 1, 0, 0),
(29, 160, 7, 7, 1, 2, 'dependency', 'shiptofirstname', 168, '', 3, 0, 0),
(30, 160, 7, 9, 1, 2, 'dependency', 'shiptolastname', 168, '', 4, 0, 0),
(31, 160, 7, 13, 1, 2, 'dependency', 'shipaddress1', 168, '', 5, 0, 0),
(32, 160, 7, 15, 1, 2, 'dependency', 'shipaddress2', 168, '', 6, 0, 0),
(33, 160, 7, 17, 1, 2, 'dependency', 'shipcity', 168, '', 7, 0, 0),
(34, 160, 7, 19, 1, 2, 'dependency', 'shipstate', 168, '', 8, 0, 0),
(35, 160, 7, 21, 1, 2, 'dependency', 'shipzip', 168, '', 9, 0, 0),
(36, 160, 7, 23, 1, 2, 'dependency', 'shipcountry', 168, '', 10, 0, 0),
(37, 160, 7, 46, 2, 1, 'dependency', 'totalprice', 168, '', 19, 0, 0),
(38, 160, 7, 40, 2, 1, 'dependency', 'i', 168, '', 26, 0, 0),
(39, 160, 7, 161, 7, 4, '', 'cartitem', 169, 'cartitem,', 29, 0, 0),
(40, 161, 7, 161, 7, 4, '', 'lineitem', 170, 'lineitem,', 2, 0, 0),
(41, 171, 8, 167, 8, 4, '', '', 180, '', 1, 0, 0),
(42, 203, 17, 178, 10, 1, 'association', '', 187, 'username,', 1, 0, 0),
(43, 204, 17, 179, 10, 1, 'association', '', 188, 'username,password,', 1, 0, 0),
(44, 205, 17, 180, 10, 1, 'association', '', 189, 'account,', 1, 0, 0),
(45, 205, 17, 181, 10, 1, 'association', '', 189, 'account,', 2, 0, 0),
(46, 205, 17, 182, 10, 1, 'association', '', 189, 'account,', 3, 0, 0),
(47, 206, 17, 183, 10, 1, 'association', '', 190, 'account,', 1, 0, 0),
(48, 206, 17, 184, 10, 1, 'association', '', 190, 'account,', 2, 0, 0),
(49, 206, 17, 185, 10, 1, 'association', '', 191, 'account,', 4, 0, 0),
(50, 207, 18, 186, 11, 1, 'association', '', 192, '', 1, 0, 0),
(51, 208, 18, 187, 11, 1, 'association', '', 193, 'categoryid,', 1, 0, 0),
(52, 209, 18, 199, 15, 1, 'association', '', 194, 'productid,', 1, 0, 0),
(53, 210, 18, 198, 15, 1, 'association', '', 195, 'categoryid,', 1, 0, 0),
(54, 211, 18, 200, 15, 1, 'association', 'products', 197, '\"%\"+keyword.tolowercase()+\"%\",', 3, 0, 0),
(55, 212, 18, 190, 12, 1, 'association', '', 198, 'productid,', 1, 0, 0),
(56, 213, 18, 191, 12, 1, 'association', '', 199, 'itemid,', 1, 0, 0),
(57, 215, 19, 107, 7, 1, 'dependency', '', 201, 'getnextid(\"ordernum\"),', 1, 0, 0),
(58, 215, 19, 218, 19, 4, '', '', 201, '\"ordernum\",', 1, 0, 0),
(59, 215, 19, 159, 7, 2, 'dependency', 'i', 201, '', 2, 0, 0),
(60, 215, 19, 96, 6, 1, 'dependency', 'itemid', 202, '', 4, 0, 0),
(61, 215, 19, 188, 12, 1, 'association', 'param', 202, 'param,', 9, 0, 0),
(62, 215, 19, 196, 14, 1, 'association', 'param', 201, 'order,', 10, 0, 0),
(63, 215, 19, 197, 14, 1, 'association', 'param', 201, 'order,', 11, 0, 0),
(64, 215, 19, 93, 6, 1, 'dependency', 'lineitem', 203, 'order.getorderid(),', 14, 0, 0),
(65, 215, 19, 106, 7, 1, 'dependency', 'lineitem', 203, '', 14, 0, 0),
(66, 215, 19, 193, 13, 1, 'association', 'lineitem', 203, 'lineitem,', 15, 0, 0),
(67, 216, 19, 195, 14, 1, 'association', 'order', 204, 'orderid,', 1, 0, 0),
(68, 216, 19, 158, 7, 1, 'dependency', 'order', 204, 'lineitemmapper.getlineitemsbyorderid(orderid),', 2, 0, 0),
(69, 216, 19, 192, 13, 1, 'association', 'order', 204, 'orderid,', 2, 0, 0),
(70, 216, 19, 159, 7, 1, 'dependency', 'i', 204, '', 3, 0, 0),
(71, 216, 19, 191, 12, 1, 'association', 'item', 205, 'lineitem.getitemid(),', 5, 0, 0),
(72, 216, 19, 96, 6, 2, 'dependency', 'item', 205, '', 5, 0, 0),
(73, 216, 19, 66, 5, 1, 'dependency', 'item', 205, 'itemmapper.getinventoryquantity(lineitem.getitemid()),', 6, 0, 0),
(74, 216, 19, 189, 12, 1, 'association', 'item', 205, 'lineitem.getitemid(),', 6, 0, 0),
(75, 216, 19, 102, 6, 1, 'dependency', 'item', 205, 'item,', 7, 0, 0),
(76, 217, 19, 194, 14, 1, 'association', '', 206, 'username,', 1, 0, 0),
(77, 218, 19, 202, 16, 1, 'association', 'parameterobject', 207, 'parameterobject,', 6, 0, 0),
(78, 218, 19, 176, 9, 1, 'dependency', 'parameterobject', 207, '', 7, 0, 0),
(79, 223, 21, 1, 1, 1, 'association', '', 214, '', 1, 0, 0),
(80, 224, 21, 2, 1, 1, 'association', '', 215, 'username,', 1, 0, 0),
(81, 225, 21, 3, 1, 1, 'association', '', 216, '', 1, 0, 0),
(82, 226, 21, 4, 1, 1, 'association', '', 217, 'password,', 1, 0, 0),
(83, 232, 21, 205, 17, 1, 'association', '', 223, 'account,', 1, 0, 0),
(84, 232, 21, 203, 17, 1, 'association', 'account', 223, 'account.getusername(),', 2, 0, 0),
(85, 232, 21, 1, 1, 1, 'association', 'account', 223, '', 2, 0, 0),
(86, 232, 21, 210, 18, 1, 'association', 'mylist', 223, 'account.getfavouritecategoryid(),', 3, 0, 0),
(87, 232, 21, 27, 1, 1, 'association', 'mylist', 223, '', 3, 0, 0),
(88, 234, 21, 206, 17, 1, 'association', '', 225, 'account,', 1, 0, 0),
(89, 234, 21, 203, 17, 1, 'association', 'account', 225, 'account.getusername(),', 2, 0, 0),
(90, 234, 21, 1, 1, 1, 'association', 'account', 225, '', 2, 0, 0),
(91, 234, 21, 210, 18, 1, 'association', 'mylist', 225, 'account.getfavouritecategoryid(),', 3, 0, 0),
(92, 234, 21, 27, 1, 1, 'association', 'mylist', 225, '', 3, 0, 0),
(93, 236, 21, 203, 17, 1, 'association', 'account', 227, 'getusername(),getpassword(),', 1, 0, 0),
(94, 236, 21, 223, 21, 4, '', 'account', 227, '', 1, 0, 0),
(95, 236, 21, 225, 21, 4, '', 'account', 227, '', 1, 0, 0),
(96, 236, 21, 239, 21, 4, '', 'value', 228, '', 5, 4, 0),
(97, 236, 21, 4, 1, 1, 'association', 'value', 229, 'null,', 7, 4, 0),
(98, 236, 21, 210, 18, 1, 'association', 'mylist', 229, 'account.getfavouritecategoryid(),', 8, 4, 0),
(99, 236, 21, 27, 1, 1, 'association', 'mylist', 229, '', 8, 4, 0),
(100, 237, 21, 239, 21, 4, '', '', 230, '', 2, 0, 0),
(101, 243, 22, 41, 2, 1, 'association', '', 236, 'workingitemid,', 1, 5, 0),
(102, 243, 22, 44, 2, 1, 'association', '', 237, 'workingitemid,', 2, 5, 0),
(103, 243, 22, 214, 18, 1, 'association', 'isinstock', 238, 'workingitemid,', 3, 5, 0),
(104, 243, 22, 213, 18, 1, 'association', 'item', 238, 'workingitemid,', 4, 5, 0),
(105, 243, 22, 42, 2, 1, 'association', 'item', 238, 'item,isinstock,', 5, 5, 0),
(106, 244, 22, 43, 2, 1, 'association', 'item', 239, 'workingitemid,', 1, 0, 0),
(107, 245, 22, 240, 22, 4, '', 'cartitems', 242, '', 2, 0, 0),
(108, 245, 22, 50, 3, 1, 'dependency', 'itemid', 243, '', 5, 0, 0),
(109, 245, 22, 63, 5, 1, 'dependency', 'itemid', 243, '', 5, 0, 0),
(110, 245, 22, 240, 22, 4, '', 'quantity', 244, 'itemid,quantity,', 8, 0, 0),
(111, 270, 23, 210, 18, 1, 'association', 'productlist', 272, 'categoryid,', 2, 0, 0),
(112, 270, 23, 208, 18, 1, 'association', 'category', 272, 'categoryid,', 3, 0, 0),
(113, 271, 23, 212, 18, 1, 'association', 'itemlist', 274, 'productid,', 2, 0, 0),
(114, 271, 23, 209, 18, 1, 'association', 'product', 274, 'productid,', 3, 0, 0),
(115, 272, 23, 213, 18, 1, 'association', 'item', 275, 'itemid,', 1, 0, 0),
(116, 272, 23, 67, 5, 1, 'association', 'product', 275, '', 2, 0, 0),
(117, 273, 23, 211, 18, 1, 'association', 'productlist', 278, 'keyword.tolowercase(),', 4, 7, 0),
(118, 275, 24, 106, 7, 1, 'association', '', 281, '', 1, 0, 0),
(119, 276, 24, 107, 7, 1, 'association', '', 282, 'orderid,', 1, 0, 0),
(120, 285, 24, 217, 19, 1, 'association', 'orderlist', 291, 'accountbean.getaccount().getusername(),', 3, 0, 0),
(121, 285, 24, 222, 21, 1, 'dependency', 'orderlist', 291, '', 3, 0, 0),
(122, 286, 24, 289, 24, 4, '', 'cartbean', 292, '', 4, 0, 0),
(123, 286, 24, 160, 7, 1, 'association', 'cartbean', 294, 'accountbean.getaccount(),cartbean.getcart(),', 8, 9, 0),
(124, 286, 24, 222, 21, 1, 'dependency', 'cartbean', 294, '', 8, 9, 0),
(125, 286, 24, 240, 22, 1, 'dependency', 'cartbean', 294, '', 8, 9, 0),
(126, 287, 24, 215, 19, 1, 'association', 'shippingaddressrequired', 299, 'order,', 6, 12, 0),
(127, 287, 24, 248, 22, 1, 'dependency', 'cartbean', 299, '', 8, 12, 0),
(128, 288, 24, 216, 19, 1, 'association', 'order', 301, 'order.getorderid(),', 3, 0, 0),
(129, 288, 24, 106, 7, 1, 'association', 'order', 301, '', 3, 0, 0),
(130, 288, 24, 222, 21, 1, 'dependency', 'order', 301, 'order.getusername(),', 4, 13, 0),
(131, 288, 24, 108, 7, 1, 'association', 'order', 301, '', 4, 13, 0),
(132, 290, 25, 205, 17, 1, 'association', 'account', 305, 'account,', 2, 0, 0),
(133, 291, 26, 200, 15, 2, 'association', 'l2', 306, '\"%a%\",', 6, 0, 0),
(134, 291, 26, 211, 18, 1, 'association', 'r', 306, 'keywords,', 8, 0, 0),
(135, 293, 27, 195, 14, 1, 'association', 'lineitems', 308, 'orderid,', 4, 0, 0),
(136, 293, 27, 192, 13, 1, 'association', 'lineitems', 308, 'orderid,', 5, 0, 0),
(137, 293, 27, 216, 19, 2, 'association', 'lineitems', 308, 'orderid,', 6, 0, 0),
(138, 294, 27, 97, 6, 1, 'dependency', 'itemid', 309, 'itemid,', 6, 0, 0),
(139, 294, 27, 195, 14, 1, 'association', 'itemid', 309, 'orderid,', 8, 0, 0),
(140, 294, 27, 192, 13, 1, 'association', 'itemid', 309, 'orderid,', 9, 0, 0),
(141, 294, 27, 191, 12, 1, 'association', 'itemid', 309, 'itemid,', 10, 0, 0),
(142, 294, 27, 189, 12, 1, 'association', 'itemid', 309, 'itemid,', 11, 0, 0),
(143, 294, 27, 216, 19, 1, 'association', 'expectedorder', 309, 'orderid,', 12, 0, 0),
(144, 294, 27, 159, 7, 2, 'dependency', 'expectedorder', 309, '', 14, 0, 0);

-- --------------------------------------------------------

--
-- Table structure for table `place_for_copy_nested_list_field`
--

DROP TABLE IF EXISTS `place_for_copy_nested_list_field`;
CREATE TABLE IF NOT EXISTS `place_for_copy_nested_list_field` (
  `field_id` int(11) NOT NULL AUTO_INCREMENT,
  `field_class_id` int(11) NOT NULL,
  `field_method_id` int(11) NOT NULL,
  `field_visibility` varchar(10) CHARACTER SET utf8 NOT NULL DEFAULT 'public',
  `field_is_static` tinyint(1) NOT NULL DEFAULT '0',
  `field_is_final` tinyint(1) NOT NULL DEFAULT '0',
  `field_name` varchar(100) CHARACTER SET utf8 NOT NULL,
  `field_type` varchar(100) CHARACTER SET utf8 NOT NULL,
  `field_value` varchar(100) CHARACTER SET utf8 NOT NULL,
  `field_group` int(11) NOT NULL DEFAULT '0',
  PRIMARY KEY (`field_id`)
) ENGINE=MyISAM DEFAULT CHARSET=latin1;

-- --------------------------------------------------------

--
-- Table structure for table `place_for_copy_nested_list_method`
--

DROP TABLE IF EXISTS `place_for_copy_nested_list_method`;
CREATE TABLE IF NOT EXISTS `place_for_copy_nested_list_method` (
  `method_id` int(11) NOT NULL AUTO_INCREMENT,
  `method_class_id` int(11) NOT NULL,
  `method_name` varchar(100) CHARACTER SET utf8 NOT NULL,
  `method_visibility` varchar(10) CHARACTER SET utf8 NOT NULL DEFAULT 'public',
  `method_is_abstract` tinyint(1) NOT NULL DEFAULT '0',
  `method_is_static` tinyint(1) NOT NULL DEFAULT '0',
  `method_is_final` tinyint(1) NOT NULL DEFAULT '0',
  `method_output_type` varchar(100) CHARACTER SET utf8 NOT NULL,
  `method_type` int(11) NOT NULL DEFAULT '0',
  PRIMARY KEY (`method_id`)
) ENGINE=MyISAM DEFAULT CHARSET=latin1;

-- --------------------------------------------------------

--
-- Table structure for table `place_for_copy_nested_method_expression`
--

DROP TABLE IF EXISTS `place_for_copy_nested_method_expression`;
CREATE TABLE IF NOT EXISTS `place_for_copy_nested_method_expression` (
  `expression_id` int(11) NOT NULL AUTO_INCREMENT,
  `expression_class_id` int(11) NOT NULL,
  `expression_method_id` int(11) NOT NULL,
  `expression_type` enum('invocation','creational','conditional') CHARACTER SET utf8 NOT NULL,
  `expression_first` varchar(200) CHARACTER SET utf8 NOT NULL,
  `expression_second` varchar(200) CHARACTER SET utf8 NOT NULL,
  PRIMARY KEY (`expression_id`)
) ENGINE=MyISAM DEFAULT CHARSET=latin1;

-- --------------------------------------------------------

--
-- Table structure for table `switch_statement`
--

DROP TABLE IF EXISTS `switch_statement`;
CREATE TABLE IF NOT EXISTS `switch_statement` (
  `switch_id` int(11) NOT NULL AUTO_INCREMENT,
  `method_id` int(11) NOT NULL,
  `class_id` int(11) NOT NULL,
  `nesting_level` int(10) DEFAULT NULL,
  `par_expression` varchar(1000) CHARACTER SET utf8 DEFAULT NULL,
  PRIMARY KEY (`switch_id`)
) ENGINE=MyISAM DEFAULT CHARSET=latin1;

-- --------------------------------------------------------

--
-- Table structure for table `try_statement`
--

DROP TABLE IF EXISTS `try_statement`;
CREATE TABLE IF NOT EXISTS `try_statement` (
  `try_id` int(11) NOT NULL AUTO_INCREMENT,
  `try_class_id` int(11) NOT NULL,
  `try_method_id` int(11) NOT NULL,
  `complexity` int(11) NOT NULL,
  PRIMARY KEY (`try_id`)
) ENGINE=MyISAM DEFAULT CHARSET=latin1;
COMMIT;

/*!40101 SET CHARACTER_SET_CLIENT=@OLD_CHARACTER_SET_CLIENT */;
/*!40101 SET CHARACTER_SET_RESULTS=@OLD_CHARACTER_SET_RESULTS */;
/*!40101 SET COLLATION_CONNECTION=@OLD_COLLATION_CONNECTION */;
